id,worker_id,study_id,session_id,has_dyslexia,has_hearing_difficulties,has_hearing_impairment,region_of_origin,english_proficiency,age_group,completion_time,created_at,updated_at
1,73d6b339-e9aa-4e8f-969b-823aa5cd9fc1,,,No,No,No,"United Kingdom","Native speaker",40-49,00:00:14.947000,"2026-07-22 15:14:41.925304",
2,1da3ea7e-2366-4c0a-8b51-9ed0e2c8d4e2,63fd2801-0f58-409b-9831-1a8f48054b96,,No,No,No,"United Kingdom","Native speaker",40-49,00:00:16.524000,"2026-07-24 13:41:41.275551",
3,e3162d53-8c48-4319-ac22-d0bc486a8658,63fd2801-0f58-409b-9831-1a8f48054b96,,No,No,No,"United Kingdom","Native speaker",40-49,00:00:13.018000,"2026-07-24 13:44:36.064676",
4,2244d538-68e4-47b9-93fe-e18bbfdcca32,63fd2801-0f58-409b-9831-1a8f48054b96,,No,No,No,"United Kingdom","Native speaker",30-39,00:00:22.470000,"2026-07-24 13:49:12.757524",
5,e0438750-aeb3-4cad-a4f8-dd021027a264,63fd2801-0f58-409b-9831-1a8f48054b96,,No,No,No,"United Kingdom","Native speaker",50-59,00:00:15.693000,"2026-07-24 13:50:25.526453",
6,f50bd5bb-19db-43fa-a177-25ab93d3d271,38088c9a-a173-4d42-a335-13746677fb9d,,No,No,No,"United Kingdom","Native speaker",40-49,00:00:16.129000,"2026-07-27 10:09:31.434892",
7,3353471e-076f-409d-a828-babdc190eaca,38088c9a-a173-4d42-a335-13746677fb9d,,No,No,No,"United Kingdom","Native speaker",18-29,00:00:11.079000,"2026-07-27 10:17:09.023434",
8,ec585046-3294-43c7-a95e-22ad9ad2eb7a,38088c9a-a173-4d42-a335-13746677fb9d,,No,No,No,"United Kingdom","Native speaker",50-59,00:00:24.871000,"2026-07-27 10:17:50.254467",
9,3d746275-c39e-46b3-8c0a-a9f022cd4184,38088c9a-a173-4d42-a335-13746677fb9d,,No,No,No,"United Kingdom","Native speaker",40-49,00:00:42.212000,"2026-07-27 10:18:53.365565",
10,da34f726-8289-44fe-8d61-9a53ab6334a3,38088c9a-a173-4d42-a335-13746677fb9d,,No,No,No,"United Kingdom","Native speaker",30-39,00:00:22.617000,"2026-07-27 10:22:01.879924",
11,1551fc02-61a9-4632-9967-1ca2647b4ccc,38088c9a-a173-4d42-a335-13746677fb9d,,No,No,No,"United Kingdom","Native speaker",18-29,00:00:13.045000,"2026-07-27 10:53:32.728662",
12,ed0fd547-97d4-4c09-82c5-330a6f0b9c5f,38088c9a-a173-4d42-a335-13746677fb9d,,No,No,No,"United Kingdom","Native speaker",40-49,00:00:21.210000,"2026-07-27 10:54:02.868869",
13,92150d0c-93f3-4045-9ec4-44f1e0e73a85,38088c9a-a173-4d42-a335-13746677fb9d,,No,No,No,"United Kingdom","Native speaker",40-49,00:00:12.983000,"2026-08-10 12:11:07.434511",
14,10064053-7bee-456f-95a0-7bbe16e535e5,38088c9a-a173-4d42-a335-13746677fb9d,,No,No,No,"United Kingdom","Native speaker",30-39,00:00:12.305000,"2026-08-10 12:11:16.080380",
15,27ead293-241e-4018-acb8-d9dcf8b8ae58,38088c9a-a173-4d42-a335-13746677fb9d,,No,No,No,"United Kingdom","Native speaker",18-29,00:00:18.367000,"2026-08-10 12:11:16.816184",
16,31917460-2cad-4724-abde-76c9ded9f3f7,38088c9a-a173-4d42-a335-13746677fb9d,,No,No,No,"United Kingdom","Native speaker",40-49,00:00:14.586000,"2026-08-10 12:11:16.845572",
17,2fcd436b-a381-42a2-9392-8e52bd72a59e,38088c9a-a173-4d42-a335-13746677fb9d,,No,No,No,"North America (USA, Canada)","Native speaker",30-39,00:00:19.944000,"2026-08-10 12:11:22.054496",
18,e926ac3e-24fa-46c1-b5bc-a274463b009e,38088c9a-a173-4d42-a335-13746677fb9d,,No,No,No,"United Kingdom","Native speaker",50-59,00:00:16.685000,"2026-08-10 12:11:22.739174",
19,bb0d89ac-de34-4863-a6f9-ef6eedf92d0d,38088c9a-a173-4d42-a335-13746677fb9d,,No,No,No,"United Kingdom","Native speaker",50-59,00:00:25.863000,"2026-08-10 12:12:09.674675",
20,5784c6f1-44f7-40c1-a96b-f17c4656e064,38088c9a-a173-4d42-a335-13746677fb9d,,No,No,No,"United Kingdom","Native speaker",18-29,00:00:15.921000,"2026-08-10 12:12:13.236402",
21,e736f597-8f1b-4f21-8455-c0afc1ae54f0,38088c9a-a173-4d42-a335-13746677fb9d,,No,No,No,"United Kingdom","Native speaker",30-39,00:00:14.056000,"2026-08-10 12:12:56.739800",
22,dcf9dee3-7d31-47cd-bf0f-009f313e7024,38088c9a-a173-4d42-a335-13746677fb9d,,No,No,No,"United Kingdom","Native speaker","70 or over",00:00:19.884000,"2026-08-10 12:13:14.821198",
23,89711931-6e58-447d-b466-6d7477964b1d,38088c9a-a173-4d42-a335-13746677fb9d,,No,No,No,"North America (USA, Canada)","Native speaker",50-59,00:00:28.163000,"2026-08-10 12:13:39.274894",
24,1366a030-968c-4b0d-ba7b-f384733716e8,38088c9a-a173-4d42-a335-13746677fb9d,,No,No,No,"United Kingdom","Native speaker",40-49,00:00:27.140000,"2026-08-10 12:14:59.301314",
25,0d090d0d-be74-435d-a097-dd837bbcad6c,38088c9a-a173-4d42-a335-13746677fb9d,,No,No,No,"United Kingdom","Native speaker",40-49,00:00:17.184000,"2026-08-10 12:15:33.807398",
26,6064fabe-9bb5-4633-9a2a-d3d75de479e1,38088c9a-a173-4d42-a335-13746677fb9d,,No,No,No,"United Kingdom",Fluent,50-59,00:01:23.074000,"2026-08-10 12:16:32.679511",
27,f8d63f6b-79a9-418f-9590-970c2e2efcd7,38088c9a-a173-4d42-a335-13746677fb9d,,No,No,No,"United Kingdom","Native speaker",50-59,00:00:17.722000,"2026-08-10 12:18:34.431192",
28,64e22839-7286-4a06-9456-927d4eaeaa95,38088c9a-a173-4d42-a335-13746677fb9d,,No,No,No,"United Kingdom","Native speaker",60-69,00:00:21.240000,"2026-08-10 12:22:34.058055",
29,52370db6-cc36-438f-9574-68d0e577d372,3df24621-77c5-4da1-88c3-3a23af5c5ad7,,No,No,No,"United Kingdom","Native speaker",18-29,00:00:10.936000,"2026-08-10 12:56:01.147603",
30,c9e86f33-2e02-4f41-bd54-08fe60c356d7,3df24621-77c5-4da1-88c3-3a23af5c5ad7,,No,No,No,"United Kingdom","Native speaker",50-59,00:00:10.490000,"2026-08-10 12:56:13.041891",
31,e5ee2985-649c-438a-8647-cc5501675674,3df24621-77c5-4da1-88c3-3a23af5c5ad7,,No,No,No,"United Kingdom","Native speaker",60-69,00:00:15.993000,"2026-08-10 12:56:13.831182",
32,bb1dacfc-67e7-4ee5-9862-1649854bb9db,3df24621-77c5-4da1-88c3-3a23af5c5ad7,,No,No,No,"United Kingdom","Native speaker",30-39,00:00:16.588000,"2026-08-10 12:56:14.400253",
33,4d893b53-4dea-4f36-bf9c-2d7ccb62310f,3df24621-77c5-4da1-88c3-3a23af5c5ad7,,No,No,No,"United Kingdom","Native speaker",40-49,00:00:17.384000,"2026-08-10 12:56:37.021621",
34,db1c9233-028d-44ff-a61e-1a03ed24e5f2,3df24621-77c5-4da1-88c3-3a23af5c5ad7,,No,No,No,"United Kingdom","Native speaker",50-59,00:00:29.580000,"2026-08-10 12:57:37.460265",
35,8eb94b0c-5154-45f6-8b08-82af6586be41,3df24621-77c5-4da1-88c3-3a23af5c5ad7,,No,No,No,"North America (USA, Canada)","Native speaker",30-39,00:00:17.021000,"2026-08-10 12:58:16.640383",
36,431bd26e-ea1f-4549-90c4-c59aa383cf69,3df24621-77c5-4da1-88c3-3a23af5c5ad7,,No,No,No,"United Kingdom","Native speaker",60-69,00:00:16.424000,"2026-08-10 12:58:41.698168",
37,70eb814f-dbad-40b7-8573-ef63f3edc478,3df24621-77c5-4da1-88c3-3a23af5c5ad7,,No,No,No,"North America (USA, Canada)","Native speaker",50-59,00:00:33.600000,"2026-08-10 12:59:18.907994",
38,714c43b5-9968-4dbc-8802-29f2640c832c,3df24621-77c5-4da1-88c3-3a23af5c5ad7,,No,No,No,"United Kingdom","Native speaker",40-49,00:00:17.178000,"2026-08-10 13:00:21.726193",
39,b8bc9742-22fa-4452-8508-ea0c435e36a9,3df24621-77c5-4da1-88c3-3a23af5c5ad7,,No,No,No,"North America (USA, Canada)","Native speaker",18-29,00:00:42.497000,"2026-08-10 13:03:32.811627",
40,d6efd731-814a-465d-8248-2cdc76ade273,3df24621-77c5-4da1-88c3-3a23af5c5ad7,,No,No,No,"United Kingdom","Native speaker",18-29,00:00:22.519000,"2026-08-10 13:56:10.848426",
41,90d9ba7c-e947-4204-aeb2-59e17499052d,3df24621-77c5-4da1-88c3-3a23af5c5ad7,,No,No,No,"United Kingdom",Fluent,40-49,00:00:55.131000,"2026-08-10 14:12:56.243910",
42,6e806138-8c19-4526-9693-27121f215685,3df24621-77c5-4da1-88c3-3a23af5c5ad7,,No,No,No,"North America (USA, Canada)","Native speaker",30-39,00:00:09.356000,"2026-08-10 14:36:55.094923",
43,b3684da2-86b0-40fd-8c34-5671a2264ee3,3df24621-77c5-4da1-88c3-3a23af5c5ad7,,No,No,No,"United Kingdom","Native speaker",30-39,00:00:14.298000,"2026-08-10 14:44:19.670947",
44,813e1ebc-037b-4f4d-83ba-d8ac19ed4649,3df24621-77c5-4da1-88c3-3a23af5c5ad7,,No,No,No,"United Kingdom","Native speaker",18-29,00:01:17.351000,"2026-08-10 14:52:48.321040",
45,2dfedf97-1322-499d-a00e-ef93639fa938,3df24621-77c5-4da1-88c3-3a23af5c5ad7,,No,No,No,"United Kingdom","Native speaker",50-59,00:00:28.207000,"2026-08-10 14:55:25.129985",
46,3b60652e-a6a2-484e-9d7a-953a8b2ba9ff,3df24621-77c5-4da1-88c3-3a23af5c5ad7,,No,No,No,"North America (USA, Canada)","Native speaker","70 or over",00:00:20.122000,"2026-08-10 14:56:54.217800",
47,d1c73893-f979-4f4a-ae7d-3b3fbed40d3c,3df24621-77c5-4da1-88c3-3a23af5c5ad7,,No,No,No,"United Kingdom","Native speaker",40-49,00:00:14.803000,"2026-08-10 15:00:45.337609",
48,d8c22be3-47c9-4623-92fd-23d90d12e5c9,3df24621-77c5-4da1-88c3-3a23af5c5ad7,,No,No,No,"United Kingdom","Native speaker",40-49,00:00:13.072000,"2026-08-10 15:00:47.047784",
49,b8b09e53-7ee2-4f43-b216-06ef3190bf8a,3df24621-77c5-4da1-88c3-3a23af5c5ad7,,No,No,No,"United Kingdom","Native speaker",40-49,00:00:18.009000,"2026-08-10 15:00:53.511447",
50,86e1e085-6b19-4a61-95ff-25d96fddae40,3df24621-77c5-4da1-88c3-3a23af5c5ad7,,No,No,No,"United Kingdom","Native speaker",18-29,00:00:25.700000,"2026-08-10 15:00:54.517483",
51,21ca9fad-19e3-4573-b4de-4dd84dc82215,3df24621-77c5-4da1-88c3-3a23af5c5ad7,,No,No,No,"United Kingdom","Native speaker",18-29,00:00:13.970000,"2026-08-10 15:00:56.996572",
52,a8093964-f4c6-47ab-8ef1-e5ca3f7a7ece,3df24621-77c5-4da1-88c3-3a23af5c5ad7,,No,No,No,"United Kingdom","Native speaker",18-29,00:00:11.896000,"2026-08-10 15:01:04.131000",
53,caddd5d5-8bc0-4b05-81e3-1ef4b3e1daa3,3df24621-77c5-4da1-88c3-3a23af5c5ad7,,No,No,No,"United Kingdom","Native speaker",50-59,00:00:18.568000,"2026-08-10 15:01:06.290245",
54,fa255d63-0247-4f98-b9cc-c242cc000956,3df24621-77c5-4da1-88c3-3a23af5c5ad7,,No,No,No,"North America (USA, Canada)","Native speaker",18-29,00:00:11.901000,"2026-08-10 15:01:07.210423",
55,83723caf-eec1-4025-8d3d-0bcfe1c7e3e4,3df24621-77c5-4da1-88c3-3a23af5c5ad7,,No,No,No,"North America (USA, Canada)","Native speaker",50-59,00:00:22.661000,"2026-08-10 15:02:10.053582",
56,4eeb30e1-c5e8-45b0-8dc9-e75ec24d5146,3df24621-77c5-4da1-88c3-3a23af5c5ad7,,No,No,No,"United Kingdom","Native speaker",30-39,00:00:10.027000,"2026-08-10 15:02:33.708886",
57,f9991d4e-8ccf-41bf-9447-4ab5f8c77186,3df24621-77c5-4da1-88c3-3a23af5c5ad7,,No,No,No,"United Kingdom","Native speaker",18-29,00:00:12.826000,"2026-08-10 15:02:35.954400",
58,de5b9481-e09b-4f12-aa2c-9ae286dde416,3df24621-77c5-4da1-88c3-3a23af5c5ad7,,No,No,No,"United Kingdom","Native speaker",30-39,00:00:54.076000,"2026-08-10 15:02:38.703000",
59,4e2f6449-5cec-440a-ba57-a729116b8d9a,3df24621-77c5-4da1-88c3-3a23af5c5ad7,,No,No,No,"North America (USA, Canada)","Native speaker",18-29,00:00:18.886000,"2026-08-10 15:02:55.014700",
60,fce16e86-82c7-43fe-ba38-bc3809a17ad1,3df24621-77c5-4da1-88c3-3a23af5c5ad7,,No,No,No,"North America (USA, Canada)","Native speaker",18-29,00:01:00.539000,"2026-08-10 15:03:00.683423",
61,b4d00fa4-1989-4bc3-bd6d-a8fafdde63d0,3df24621-77c5-4da1-88c3-3a23af5c5ad7,,No,No,No,"United Kingdom","Native speaker","70 or over",00:00:12.578000,"2026-08-10 15:04:14.291685",
62,5743aa4c-e9e0-42b4-8349-ae2c2b48c8b9,3df24621-77c5-4da1-88c3-3a23af5c5ad7,,No,No,No,"United Kingdom","Native speaker","70 or over",00:00:21.598000,"2026-08-10 15:04:31.679632",
63,308ea246-0e62-4dcf-8acf-6b3da327619c,3df24621-77c5-4da1-88c3-3a23af5c5ad7,,No,No,No,"North America (USA, Canada)","Native speaker",18-29,00:00:29.582000,"2026-08-10 15:06:15.269696",
64,4a03d9db-5b16-48ab-9db4-1f3f70b18293,3df24621-77c5-4da1-88c3-3a23af5c5ad7,,No,No,No,"United Kingdom","Native speaker",30-39,00:00:15.287000,"2026-08-10 15:06:15.640518",
65,44ede870-070f-477b-8293-806bb798f5d4,3df24621-77c5-4da1-88c3-3a23af5c5ad7,,No,No,No,"United Kingdom","Native speaker",18-29,00:00:21.729000,"2026-08-10 15:06:29.527519",
66,d8250051-228a-4409-a726-3621fd666683,3df24621-77c5-4da1-88c3-3a23af5c5ad7,,No,No,No,"North America (USA, Canada)","Native speaker",50-59,00:00:29.038000,"2026-08-10 15:06:35.042198",
67,c5c57560-e25c-4bb4-a482-76ca48f439d3,3df24621-77c5-4da1-88c3-3a23af5c5ad7,,"No, but I strongly suspect I have undiagnosed dyslexia",No,No,"United Kingdom","Native speaker",30-39,00:00:18.058000,"2026-08-10 15:06:37.777127",
68,ef85a4af-1b09-43a8-9daa-8478058b5e67,3df24621-77c5-4da1-88c3-3a23af5c5ad7,,No,No,No,"North America (USA, Canada)",Fluent,18-29,00:03:24.992000,"2026-08-10 15:06:38.647971",
69,aacfbf83-60ec-4817-aecd-b731847992e7,3df24621-77c5-4da1-88c3-3a23af5c5ad7,,No,No,No,"United Kingdom","Native speaker",18-29,00:00:19.698000,"2026-08-10 15:06:44.657650",
70,6b4daa0c-cd4a-4eef-8e08-40957371febb,3df24621-77c5-4da1-88c3-3a23af5c5ad7,,No,No,No,"United Kingdom","Native speaker",30-39,00:00:10.714000,"2026-08-10 15:06:46.701858",
71,cfaf53db-a555-44ab-8578-7977fb50aecc,3df24621-77c5-4da1-88c3-3a23af5c5ad7,,No,No,No,"Rather not say",Fluent,30-39,00:00:24.544000,"2026-08-10 15:06:49.462717",
72,487c420b-5403-49d8-aae0-c52ddd6e3cce,3df24621-77c5-4da1-88c3-3a23af5c5ad7,,No,No,No,"North America (USA, Canada)","Native speaker",30-39,00:00:16.822000,"2026-08-10 15:06:52.454555",
73,e1fe193f-fbfb-4b7f-899b-1fd5b8665100,3df24621-77c5-4da1-88c3-3a23af5c5ad7,,No,No,No,"United Kingdom","Native speaker","70 or over",00:00:27.467000,"2026-08-10 15:07:01.385459",
74,eb7f8be9-40fe-4d3b-97dd-ae7d4674f219,3df24621-77c5-4da1-88c3-3a23af5c5ad7,,No,No,No,"United Kingdom","Native speaker",40-49,00:00:17.505000,"2026-08-10 15:07:05.603116",
75,0807f290-61e6-4e80-934c-014880a1de80,3df24621-77c5-4da1-88c3-3a23af5c5ad7,,No,No,No,"United Kingdom","Native speaker",40-49,00:00:12.862000,"2026-08-10 15:07:06.057643",
76,be2ae2c7-c950-475b-ae3e-9f25834fceae,3df24621-77c5-4da1-88c3-3a23af5c5ad7,,No,No,No,"North America (USA, Canada)","Native speaker",30-39,00:00:16.547000,"2026-08-10 15:07:08.426591",
77,83371d68-d13b-4a5e-9788-3047a85f962d,3df24621-77c5-4da1-88c3-3a23af5c5ad7,,No,No,No,"United Kingdom","Native speaker",40-49,00:00:14.145000,"2026-08-10 15:07:10.806240",
78,490ec39e-219e-42d9-adba-14ca9f161985,3df24621-77c5-4da1-88c3-3a23af5c5ad7,,No,No,No,"United Kingdom","Native speaker",18-29,00:00:20.441000,"2026-08-10 15:07:33.672144",
79,0d318d00-95e0-414d-9083-74e16aba69ab,3df24621-77c5-4da1-88c3-3a23af5c5ad7,,No,No,No,"United Kingdom","Native speaker",30-39,00:01:02.507000,"2026-08-10 15:07:53.570270",
80,f9899d35-efea-4149-b9c9-1503dd883c06,3df24621-77c5-4da1-88c3-3a23af5c5ad7,,No,No,No,"United Kingdom","Native speaker",30-39,00:00:11.711000,"2026-08-10 15:07:55.523153",
81,931e5001-9192-4927-a873-c62b762583cb,3df24621-77c5-4da1-88c3-3a23af5c5ad7,,No,No,No,"North America (USA, Canada)","Native speaker",40-49,00:00:22.673000,"2026-08-10 15:07:58.832312",
82,8bc7671f-2e21-48c4-ad71-68fdf61f2239,3df24621-77c5-4da1-88c3-3a23af5c5ad7,,No,No,No,"United Kingdom","Native speaker",40-49,00:00:57.359000,"2026-08-10 15:08:04.723758",
83,dcaeb1ee-6db4-41a3-b37e-cb603b21d85e,3df24621-77c5-4da1-88c3-3a23af5c5ad7,,No,No,No,"United Kingdom",Fluent,30-39,00:01:15.962000,"2026-08-10 15:08:17.129791",
84,4dfd40f3-3ae2-4e26-b3ec-7ff26574ed67,3df24621-77c5-4da1-88c3-3a23af5c5ad7,,No,No,No,"North America (USA, Canada)","Native speaker",18-29,00:00:18.798000,"2026-08-10 15:08:18.614402",
85,6f14b337-bd32-4177-881c-260c2c6fd602,3df24621-77c5-4da1-88c3-3a23af5c5ad7,,No,No,No,"United Kingdom","Native speaker",18-29,00:00:39.468000,"2026-08-10 15:08:33.062685",
86,b16191df-4a53-47aa-9726-f857ef22febc,3df24621-77c5-4da1-88c3-3a23af5c5ad7,,No,No,No,"United Kingdom","Native speaker",30-39,00:00:48.001000,"2026-08-10 15:09:00.136927",
87,d13f7c59-51ec-4e05-8d3d-6970170936a4,3df24621-77c5-4da1-88c3-3a23af5c5ad7,,No,No,No,"United Kingdom","Native speaker",40-49,00:00:18.494000,"2026-08-10 15:09:22.480166",
88,b52b24a8-6852-4bc8-9caf-ecaae7df0e23,3df24621-77c5-4da1-88c3-3a23af5c5ad7,,No,No,No,"North America (USA, Canada)","Native speaker",30-39,00:00:16.207000,"2026-08-10 15:09:33.673493",
89,d5c64303-2419-4033-baf5-121fff47f2f1,3df24621-77c5-4da1-88c3-3a23af5c5ad7,,No,No,No,"United Kingdom","Native speaker",30-39,00:00:18.114000,"2026-08-10 15:09:36.445130",
90,491c554a-433b-48e6-9048-8c0651f79cec,3df24621-77c5-4da1-88c3-3a23af5c5ad7,,No,No,No,"North America (USA, Canada)","Native speaker",30-39,00:00:20.492000,"2026-08-10 15:09:36.878186",
91,bcf46f23-2c12-420f-b314-2d538485a7db,3df24621-77c5-4da1-88c3-3a23af5c5ad7,,No,No,No,"United Kingdom","Native speaker",18-29,00:00:14.427000,"2026-08-10 15:09:39.521236",
92,bd614f7c-50e7-46a8-8221-47f46284aa5c,3df24621-77c5-4da1-88c3-3a23af5c5ad7,,No,No,No,"North America (USA, Canada)","Native speaker",18-29,00:00:14.966000,"2026-08-10 15:09:57.493435",
93,4dae4272-af2b-46b3-8a19-9a161689c2b1,3df24621-77c5-4da1-88c3-3a23af5c5ad7,,No,No,No,"United Kingdom","Native speaker",30-39,00:00:26.464000,"2026-08-10 15:12:13.340015",
94,d52a8b43-3bef-44ca-9f39-7a0c3da29979,3df24621-77c5-4da1-88c3-3a23af5c5ad7,,No,No,No,"United Kingdom","Native speaker",18-29,00:00:22.923000,"2026-08-10 15:16:14.277253",
95,7fbd153d-5330-4300-8bd3-a6d161721845,3df24621-77c5-4da1-88c3-3a23af5c5ad7,,No,No,No,"North America (USA, Canada)","Native speaker",40-49,00:00:26.864000,"2026-08-10 15:17:01.819111",
96,146a560d-540e-4a2e-9b78-3958268b01bb,3df24621-77c5-4da1-88c3-3a23af5c5ad7,,No,No,No,"North America (USA, Canada)","Native speaker",50-59,00:00:18.629000,"2026-08-10 15:17:11.014161",
97,20463f1d-1778-4e17-b499-e9838e1e1328,3df24621-77c5-4da1-88c3-3a23af5c5ad7,,No,No,No,"United Kingdom","Native speaker",60-69,00:00:31.426000,"2026-08-10 15:43:54.911581",
98,5ac84a10-1e53-4708-a17f-4ad0aff81de1,3df24621-77c5-4da1-88c3-3a23af5c5ad7,,No,No,No,"North America (USA, Canada)","Native speaker",40-49,00:00:15.908000,"2026-08-10 15:53:29.261472",
99,67182a13-9f01-4a87-9af0-69008d8e8f0f,3df24621-77c5-4da1-88c3-3a23af5c5ad7,,No,No,No,"North America (USA, Canada)","Native speaker",50-59,00:00:24.489000,"2026-08-10 15:53:36.827914",
100,9e6c437a-3569-42e0-981d-985899738f79,3df24621-77c5-4da1-88c3-3a23af5c5ad7,,No,No,No,"United Kingdom","Native speaker",18-29,00:00:17.804000,"2026-08-10 16:09:51.089246",
101,3c694bf7-0d00-400c-a59b-feac58761a36,3df24621-77c5-4da1-88c3-3a23af5c5ad7,,No,No,No,"United Kingdom","Native speaker",40-49,00:00:17.212000,"2026-08-10 16:10:41.813838",
102,9d4f8692-973a-4513-bb80-3b97dc375a98,3df24621-77c5-4da1-88c3-3a23af5c5ad7,,No,No,No,"United Kingdom","Native speaker",40-49,00:00:12.874000,"2026-08-10 16:16:01.506231",
103,c59574a9-0c05-43f8-8bbf-5dfcfa5b2a65,3df24621-77c5-4da1-88c3-3a23af5c5ad7,,No,No,No,"Europe except UK (Germany, France, etc.)",Fluent,40-49,00:00:52.335000,"2026-08-10 16:16:34.248353",
104,5707c2e1-98a8-49fd-9af0-39e1a8e4f086,3df24621-77c5-4da1-88c3-3a23af5c5ad7,,No,No,No,"United Kingdom","Native speaker",50-59,00:00:16.105000,"2026-08-10 16:26:30.275931",
105,0dd5b0bb-cf7d-49f3-8cfc-5f6d66536c43,3df24621-77c5-4da1-88c3-3a23af5c5ad7,,No,No,No,"North America (USA, Canada)","Native speaker",60-69,00:00:15.714000,"2026-08-10 17:07:45.940646",
106,281bce7a-8513-4509-9af8-aa1c811ddf45,3df24621-77c5-4da1-88c3-3a23af5c5ad7,,No,No,No,"United Kingdom","Native speaker",18-29,00:00:12.902000,"2026-08-10 17:33:46.350661",
107,5a3f1ab5-6c86-416c-92c9-8d4b74a1af08,3df24621-77c5-4da1-88c3-3a23af5c5ad7,,No,No,No,"North America (USA, Canada)","Native speaker",40-49,00:00:20.874000,"2026-08-10 17:57:58.164380",
108,d447ed63-91a9-4410-88ce-a0e8e6a85301,3df24621-77c5-4da1-88c3-3a23af5c5ad7,,No,No,No,"North America (USA, Canada)","Native speaker",30-39,00:00:14.452000,"2026-08-10 18:17:16.660819",
109,2b9e3eb3-8c0c-42b3-ba05-3686196eb212,3df24621-77c5-4da1-88c3-3a23af5c5ad7,,No,No,No,"North America (USA, Canada)","Native speaker",18-29,00:00:10.338000,"2026-08-10 19:03:19.640745",
110,84fdde06-f2d0-4243-9a03-284751288d68,3df24621-77c5-4da1-88c3-3a23af5c5ad7,,No,No,No,"United Kingdom","Native speaker",50-59,00:00:12.077000,"2026-08-10 19:03:49.823389",
111,2a8de9e6-376c-4be3-8f11-900b546528b1,3df24621-77c5-4da1-88c3-3a23af5c5ad7,,No,No,No,"United Kingdom","Native speaker",60-69,00:00:14.650000,"2026-08-10 19:03:52.842922",
112,4c163db7-602e-4066-96a3-8fab3af66548,3df24621-77c5-4da1-88c3-3a23af5c5ad7,,No,No,No,"United Kingdom","Native speaker",30-39,00:00:18.595000,"2026-08-10 19:04:17.013610",
113,8eb8d38d-6b42-4827-bcb9-927d7c67fdaf,3df24621-77c5-4da1-88c3-3a23af5c5ad7,,No,No,No,"United Kingdom","Native speaker",50-59,00:00:25.668000,"2026-08-10 19:04:19.620851",
114,37193ee5-0384-4449-8441-6c5ebc2d3c0d,3df24621-77c5-4da1-88c3-3a23af5c5ad7,,No,No,No,"North America (USA, Canada)","Native speaker",40-49,00:00:14.486000,"2026-08-10 19:04:20.059889",
115,98d570c8-9010-489f-a406-95d75acc8e42,3df24621-77c5-4da1-88c3-3a23af5c5ad7,,No,No,No,"North America (USA, Canada)","Native speaker",40-49,00:00:16.081000,"2026-08-10 19:04:27.370707",
116,1f335b65-83c3-40f2-86ba-a688d0f712b6,3df24621-77c5-4da1-88c3-3a23af5c5ad7,,No,No,No,"United Kingdom","Native speaker",40-49,00:00:12.611000,"2026-08-10 19:04:29.207466",
117,2ee7818f-711d-4b56-b7e4-7c1c58c8d41f,3df24621-77c5-4da1-88c3-3a23af5c5ad7,,No,No,No,"North America (USA, Canada)",Fluent,50-59,00:00:18.000000,"2026-08-10 19:04:32.821455",
118,612b143f-f729-47a1-ad73-3181b04a34b5,3df24621-77c5-4da1-88c3-3a23af5c5ad7,,No,No,No,"North America (USA, Canada)","Native speaker",30-39,00:00:14.046000,"2026-08-10 19:04:35.675197",
119,17f166c7-ad5d-4189-939d-1c4f2891373c,3df24621-77c5-4da1-88c3-3a23af5c5ad7,,No,No,No,"North America (USA, Canada)","Native speaker",30-39,00:00:10.326000,"2026-08-10 19:04:40.629863",
120,7e0152af-9db8-49b3-b3e5-fac41998ffec,3df24621-77c5-4da1-88c3-3a23af5c5ad7,,No,No,No,"North America (USA, Canada)","Native speaker",18-29,00:00:14.832000,"2026-08-10 19:04:41.994209",
121,d43ed3ec-b54e-48e1-adf8-f872e1e63368,3df24621-77c5-4da1-88c3-3a23af5c5ad7,,No,No,No,"North America (USA, Canada)","Native speaker",50-59,00:00:18.000000,"2026-08-10 19:04:45.280346",
122,d787a4fc-434c-43b5-853f-f03a8a10d1f4,3df24621-77c5-4da1-88c3-3a23af5c5ad7,,No,No,No,"North America (USA, Canada)","Native speaker",18-29,00:00:17.911000,"2026-08-10 19:04:51.801060",
123,ab654175-f358-4328-b26c-31f6fba528c5,3df24621-77c5-4da1-88c3-3a23af5c5ad7,,"No, but I strongly suspect I have undiagnosed dyslexia",No,No,"North America (USA, Canada)","Native speaker",50-59,00:00:30.542000,"2026-08-10 19:04:54.919993",
124,c703f77d-0ade-4504-a107-6990c976602e,3df24621-77c5-4da1-88c3-3a23af5c5ad7,,"Yes, I have been medically diagnosed with dyslexia",Yes,No,"North America (USA, Canada)",Fluent,40-49,00:00:24.758000,"2026-08-10 19:04:58.515428",
125,9b73fc2f-ad4c-4028-b2f7-32342451cbb2,3df24621-77c5-4da1-88c3-3a23af5c5ad7,,No,No,No,"North America (USA, Canada)","Native speaker",60-69,00:00:22.529000,"2026-08-10 19:05:01.940805",
126,c425c4c4-8d26-4b36-bba0-ff3ce0139641,3df24621-77c5-4da1-88c3-3a23af5c5ad7,,No,No,No,"United Kingdom","Native speaker",40-49,00:00:12.141000,"2026-08-10 19:05:04.272706",
127,9cdc9245-aec1-48af-82f3-52c820b8e0cf,3df24621-77c5-4da1-88c3-3a23af5c5ad7,,No,No,No,"North America (USA, Canada)","Native speaker",30-39,00:00:14.342000,"2026-08-10 19:05:14.859451",
128,761d2d1c-295b-45fd-850c-e5495a97ae10,3df24621-77c5-4da1-88c3-3a23af5c5ad7,,No,No,No,"Asia (China, India, Japan, etc.)","Native speaker",18-29,00:00:28.588000,"2026-08-10 19:05:15.398375",
129,f16cabe8-8de9-49a8-8994-960a0807e310,3df24621-77c5-4da1-88c3-3a23af5c5ad7,,No,No,No,"North America (USA, Canada)","Native speaker",30-39,00:00:20.704000,"2026-08-10 19:05:30.386512",
130,84524269-83fe-4bab-96d4-f78fb5e1332d,3df24621-77c5-4da1-88c3-3a23af5c5ad7,,No,No,No,"North America (USA, Canada)","Native speaker","70 or over",00:00:30.133000,"2026-08-10 19:05:52.606969",
131,e7cf95e5-3dec-45e2-8936-7fd1cdadf0bc,3df24621-77c5-4da1-88c3-3a23af5c5ad7,,No,No,No,"United Kingdom","Native speaker",40-49,00:00:12.753000,"2026-08-10 19:06:06.892697",
132,11197d2a-f840-4645-9876-ca7c670c6ffb,3df24621-77c5-4da1-88c3-3a23af5c5ad7,,No,No,No,"United Kingdom","Native speaker",30-39,00:00:17.851000,"2026-08-10 19:06:07.179903",
133,782dabac-c339-49da-8002-6eea458120fc,3df24621-77c5-4da1-88c3-3a23af5c5ad7,,No,No,No,"North America (USA, Canada)","Native speaker",40-49,00:00:15.196000,"2026-08-10 19:06:11.141572",
134,3b3e37be-8f8a-4668-af55-10228e6c36ed,3df24621-77c5-4da1-88c3-3a23af5c5ad7,,No,No,No,"United Kingdom","Native speaker",60-69,00:00:20.085000,"2026-08-10 19:06:26.816618",
135,e48d56c9-29e0-422a-9b8a-d383faafefb0,3df24621-77c5-4da1-88c3-3a23af5c5ad7,,No,No,No,"North America (USA, Canada)","Native speaker",18-29,00:00:15.461000,"2026-08-10 19:06:27.537477",
136,3f1d69cf-72cc-4baa-b5c2-86b683b5b111,3df24621-77c5-4da1-88c3-3a23af5c5ad7,,No,No,No,"United Kingdom","Native speaker",18-29,00:00:12.112000,"2026-08-10 19:06:39.439639",
137,affa52c5-f595-41b4-afc3-00b3f9c0eab5,3df24621-77c5-4da1-88c3-3a23af5c5ad7,,No,No,No,"North America (USA, Canada)","Native speaker",30-39,00:00:12.480000,"2026-08-10 19:06:53.271240",
138,0ea3a113-54e4-4350-9e63-0e08093742a9,3df24621-77c5-4da1-88c3-3a23af5c5ad7,,No,No,No,"United Kingdom","Native speaker",50-59,00:00:14.592000,"2026-08-10 19:07:05.790733",
139,53587377-6c94-45fc-af60-9412886e7d13,3df24621-77c5-4da1-88c3-3a23af5c5ad7,,No,No,No,"North America (USA, Canada)","Native speaker",30-39,00:00:57.557000,"2026-08-10 19:07:23.492752",
140,3dc3005e-a12a-4d04-9841-c95d706e292d,3df24621-77c5-4da1-88c3-3a23af5c5ad7,,No,No,No,"United Kingdom","Native speaker",60-69,00:00:22.921000,"2026-08-10 19:07:30.116202",
141,564f08df-e39a-4f5a-8fa7-7f647eb81c8b,3df24621-77c5-4da1-88c3-3a23af5c5ad7,,No,No,No,"North America (USA, Canada)","Native speaker",50-59,00:00:18.363000,"2026-08-10 19:07:55.982335",
142,176187f4-112d-4f3b-94b2-a9db977257ac,3df24621-77c5-4da1-88c3-3a23af5c5ad7,,No,No,No,"North America (USA, Canada)","Native speaker",30-39,00:00:11.784000,"2026-08-10 19:07:59.510056",
143,44baf719-a929-479c-a5e0-6cc457960379,3df24621-77c5-4da1-88c3-3a23af5c5ad7,,No,No,No,"North America (USA, Canada)","Native speaker",40-49,00:00:28.251000,"2026-08-10 19:08:08.089013",
144,07e5e501-8706-417a-912d-6050cd89172f,3df24621-77c5-4da1-88c3-3a23af5c5ad7,,No,No,No,"North America (USA, Canada)","Native speaker",30-39,00:00:19.186000,"2026-08-10 19:08:10.586497",
145,1b47bbff-5854-43ff-a296-e7fea9c45279,3df24621-77c5-4da1-88c3-3a23af5c5ad7,,No,No,No,"North America (USA, Canada)","Native speaker",40-49,00:00:09.431000,"2026-08-10 19:08:27.437732",
146,233f28d0-e8fa-4b4f-a16c-68a48b2436da,3df24621-77c5-4da1-88c3-3a23af5c5ad7,,No,No,No,"North America (USA, Canada)","Native speaker",18-29,00:00:11.509000,"2026-08-10 19:09:00.688329",
147,b76daa41-5e5b-4512-9e8e-37ff708b43fd,3df24621-77c5-4da1-88c3-3a23af5c5ad7,,No,No,No,"United Kingdom","Native speaker",18-29,00:00:19.539000,"2026-08-10 19:09:11.202411",
148,78cd55e1-9b8a-424a-8fe6-19bcd747b171,3df24621-77c5-4da1-88c3-3a23af5c5ad7,,No,No,No,"United Kingdom","Native speaker",50-59,00:00:15.079000,"2026-08-10 19:09:32.254808",
149,f5e96633-53ab-400b-9063-f8a8b195417b,3df24621-77c5-4da1-88c3-3a23af5c5ad7,,No,No,No,"North America (USA, Canada)","Native speaker",50-59,00:00:45.473000,"2026-08-10 19:09:48.821542",
150,917cc524-9bff-4911-b1af-baed294a199f,3df24621-77c5-4da1-88c3-3a23af5c5ad7,,No,Yes,Yes,"North America (USA, Canada)","Native speaker",30-39,00:01:10.498000,"2026-08-10 19:10:33.580032",
151,94e79b90-6648-46f0-96d0-32865a9a058f,3df24621-77c5-4da1-88c3-3a23af5c5ad7,,No,No,No,"North America (USA, Canada)","Native speaker",30-39,00:00:13.227000,"2026-08-10 19:10:34.844256",
152,28f913e0-0440-4825-b142-91a39e91b7d9,3df24621-77c5-4da1-88c3-3a23af5c5ad7,,No,No,No,"North America (USA, Canada)","Native speaker",30-39,00:00:20.680000,"2026-08-10 19:10:53.855902",
153,269ebc7c-9f24-42cd-a1b0-650fa9baecd6,3df24621-77c5-4da1-88c3-3a23af5c5ad7,,No,No,No,"United Kingdom","Native speaker",60-69,00:00:17.562000,"2026-08-10 19:11:19.731400",
154,340e73db-d0b1-4052-b273-573d93a73369,3df24621-77c5-4da1-88c3-3a23af5c5ad7,,No,No,No,"United Kingdom","Native speaker",40-49,00:00:26.064000,"2026-08-10 19:11:21.403886",
155,0b767bfb-7560-4308-a383-7e498a710622,3df24621-77c5-4da1-88c3-3a23af5c5ad7,,No,No,No,"North America (USA, Canada)","Native speaker",50-59,00:00:34.517000,"2026-08-10 19:11:25.450851",
156,c9ea2373-a8aa-4fb2-8789-3ce5071e5e15,3df24621-77c5-4da1-88c3-3a23af5c5ad7,,No,No,No,"United Kingdom",Fluent,60-69,00:00:45.244000,"2026-08-10 19:11:39.456414",
157,0f789b77-ba4d-449f-8280-2d172f406b16,3df24621-77c5-4da1-88c3-3a23af5c5ad7,,No,No,No,"United Kingdom","Native speaker",18-29,00:00:15.488000,"2026-08-10 19:11:45.161352",
158,cadf74e5-4a54-4b95-96ac-6e0f73e32d37,3df24621-77c5-4da1-88c3-3a23af5c5ad7,,No,No,No,"North America (USA, Canada)","Native speaker",18-29,00:00:31.963000,"2026-08-10 19:11:58.312807",
159,7f909bfb-9945-409e-9b1d-337058a948e8,3df24621-77c5-4da1-88c3-3a23af5c5ad7,,No,No,No,"North America (USA, Canada)","Native speaker",18-29,00:00:18.185000,"2026-08-10 19:12:02.137509",
160,cac14aff-b28f-47cb-9ea2-7c06927e7adc,3df24621-77c5-4da1-88c3-3a23af5c5ad7,,No,No,No,"North America (USA, Canada)","Native speaker",18-29,00:00:29.876000,"2026-08-10 19:12:24.927739",
161,a5ed32f0-c4cd-4cf6-809e-276d51cc0662,3df24621-77c5-4da1-88c3-3a23af5c5ad7,,No,No,No,"United Kingdom","Native speaker",18-29,00:00:17.119000,"2026-08-10 19:13:42.062068",
162,fed8a370-47ad-44d4-9208-88a9fa5373bd,3df24621-77c5-4da1-88c3-3a23af5c5ad7,,No,No,No,"United Kingdom","Native speaker",30-39,00:00:11.764000,"2026-08-10 19:15:16.588761",
163,3fcf6637-0634-4401-852a-fda63e9a470a,3df24621-77c5-4da1-88c3-3a23af5c5ad7,,No,No,No,"United Kingdom","Native speaker",60-69,00:00:23.156000,"2026-08-10 19:15:44.215175",
164,805b24cc-868a-4237-9766-42b9cfac902a,3df24621-77c5-4da1-88c3-3a23af5c5ad7,,No,No,No,"United Kingdom","Native speaker",30-39,00:00:18.052000,"2026-08-10 19:16:10.707897",
165,d707d3fc-ab0c-4645-b182-f1b672430fe8,3df24621-77c5-4da1-88c3-3a23af5c5ad7,,No,No,No,"United Kingdom","Native speaker",30-39,00:00:16.780000,"2026-08-10 19:16:43.687842",
166,9dd27179-b94b-4937-b1f7-1c30ee2519d0,3df24621-77c5-4da1-88c3-3a23af5c5ad7,,No,No,No,"North America (USA, Canada)","Native speaker",40-49,00:00:13.741000,"2026-08-10 19:17:42.580842",
167,f5cbdd42-a660-4fd5-92fb-e8033e28936e,3df24621-77c5-4da1-88c3-3a23af5c5ad7,,No,No,No,"United Kingdom","Native speaker",40-49,00:00:13.064000,"2026-08-10 19:18:20.629511",
168,7a0598af-431c-47bb-af0c-cfa1e1a9cbd9,3df24621-77c5-4da1-88c3-3a23af5c5ad7,,No,No,No,"United Kingdom","Native speaker",40-49,00:00:28.013000,"2026-08-10 19:19:03.139403",
169,92212cad-960a-4c23-94c9-47e2c1199e93,3df24621-77c5-4da1-88c3-3a23af5c5ad7,,"No, but I strongly suspect I have undiagnosed dyslexia",No,No,"North America (USA, Canada)",Fluent,30-39,00:00:19.556000,"2026-08-10 19:20:44.704703",
170,256178db-4ff9-475c-8180-4c55b4107a86,3df24621-77c5-4da1-88c3-3a23af5c5ad7,,No,No,No,"United Kingdom","Native speaker",40-49,00:00:14.909000,"2026-08-10 19:21:19.074808",
171,d51979a6-5661-4c4f-a4f2-268d394040d2,3df24621-77c5-4da1-88c3-3a23af5c5ad7,,No,No,No,"United Kingdom","Native speaker",50-59,00:00:25.899000,"2026-08-10 19:22:30.048532",
172,2eeaac71-6d44-46ba-9d97-d751cc851797,3df24621-77c5-4da1-88c3-3a23af5c5ad7,,No,No,No,"United Kingdom","Native speaker",18-29,00:00:34.682000,"2026-08-10 19:25:18.431804",
173,3083a824-ae73-426a-adbc-ff56868831d7,3df24621-77c5-4da1-88c3-3a23af5c5ad7,,No,No,No,"United Kingdom","Native speaker",50-59,00:00:19.422000,"2026-08-10 19:27:38.297322",
174,fe26bf56-c76a-46b8-b21f-e363360107d4,3df24621-77c5-4da1-88c3-3a23af5c5ad7,,No,No,No,"United Kingdom","Native speaker",50-59,00:00:13.475000,"2026-08-11 08:39:38.803914",
175,ca2b4387-16ad-4409-8d9f-2b635f7fac33,3df24621-77c5-4da1-88c3-3a23af5c5ad7,,No,No,No,"United Kingdom","Native speaker",40-49,00:00:13.783000,"2026-08-11 08:39:40.930841",
176,77b6e777-90df-489d-a37f-01b7d5d58d03,3df24621-77c5-4da1-88c3-3a23af5c5ad7,,No,No,No,"United Kingdom","Native speaker",18-29,00:00:11.494000,"2026-08-11 08:39:53.694949",
177,073f6768-be74-4de9-8344-0f4dc486dbb8,3df24621-77c5-4da1-88c3-3a23af5c5ad7,,No,No,No,"North America (USA, Canada)","Native speaker",18-29,00:00:11.690000,"2026-08-11 08:40:00.073824",
178,c2cbc175-c3fa-401e-aff0-5dda47e06231,3df24621-77c5-4da1-88c3-3a23af5c5ad7,,No,No,No,"North America (USA, Canada)","Native speaker",30-39,00:00:42.581000,"2026-08-11 08:40:46.453591",
179,8da0a8de-b837-4294-a614-ba7c0106ba76,3df24621-77c5-4da1-88c3-3a23af5c5ad7,,No,No,No,"United Kingdom","Native speaker",30-39,00:00:11.018000,"2026-08-11 08:40:53.822982",
180,92607b12-f798-4a90-ab46-42fdad700a37,3df24621-77c5-4da1-88c3-3a23af5c5ad7,,No,No,No,"United Kingdom","Native speaker",40-49,00:00:20.451000,"2026-08-11 08:41:56.152566",
181,2cc9942f-2595-4093-bf6a-72f6e6d47043,3df24621-77c5-4da1-88c3-3a23af5c5ad7,,No,No,No,"North America (USA, Canada)","Native speaker",30-39,00:00:16.089000,"2026-08-11 08:41:59.530174",
182,a3d5db7a-b9fd-4e9b-921b-61c6d3680f38,3df24621-77c5-4da1-88c3-3a23af5c5ad7,,No,No,No,"United Kingdom","Native speaker",30-39,00:00:14.980000,"2026-08-11 09:10:38.410498",
183,a16a092e-4f6d-4205-84d1-179d51ba833e,3df24621-77c5-4da1-88c3-3a23af5c5ad7,,No,No,No,"United Kingdom","Native speaker",30-39,00:00:12.377000,"2026-08-11 09:11:36.465476",
184,c2bc96bd-9dfc-4170-bfa4-25a2219b07f4,3df24621-77c5-4da1-88c3-3a23af5c5ad7,,No,No,No,"United Kingdom","Native speaker",30-39,00:00:14.502000,"2026-08-11 09:12:52.672391",
185,d3c50426-28b3-4640-9324-77d94dab86ad,3df24621-77c5-4da1-88c3-3a23af5c5ad7,,No,No,No,"United Kingdom","Native speaker",50-59,00:00:24.292000,"2026-08-11 09:15:17.271538",
186,e6a6e9d7-bf0c-418d-9903-b582d912ff6c,3df24621-77c5-4da1-88c3-3a23af5c5ad7,,No,No,No,"United Kingdom","Native speaker",18-29,00:00:11.566000,"2026-08-11 09:18:05.214641",
