id,worker_id,study_id,last_screening_time,consenting,has_done_pre_training,excluded_until,created_at,updated_at
1,73d6b339-e9aa-4e8f-969b-823aa5cd9fc1,c1e04700-25b9-4a08-9107-5830baa9dcfb,"2026-07-22 15:16:15.288042",1.0,1.0,,"2026-07-22 15:14:22.798157","2026-07-22 15:36:12.481729"
2,1da3ea7e-2366-4c0a-8b51-9ed0e2c8d4e2,63fd2801-0f58-409b-9831-1a8f48054b96,,1.0,1.0,"2026-07-25 13:43:46.190849","2026-07-24 13:41:19.093140","2026-07-24 13:43:46.195430"
3,e3162d53-8c48-4319-ac22-d0bc486a8658,af13c94c-ea93-4965-80ed-b7478060740b,"2026-07-24 13:45:46.763054",1.0,1.0,,"2026-07-24 13:44:17.899180","2026-07-24 13:48:07.876662"
4,2244d538-68e4-47b9-93fe-e18bbfdcca32,af13c94c-ea93-4965-80ed-b7478060740b,"2026-07-24 13:51:21.747676",1.0,1.0,,"2026-07-24 13:48:47.449048","2026-07-24 13:52:13.835392"
5,e0438750-aeb3-4cad-a4f8-dd021027a264,af13c94c-ea93-4965-80ed-b7478060740b,"2026-07-24 13:52:25.065805",1.0,1.0,,"2026-07-24 13:50:04.555277","2026-07-24 13:56:22.836381"
6,f50bd5bb-19db-43fa-a177-25ab93d3d271,47a3ed5c-d5fd-477b-9789-996228707315,"2026-07-27 10:11:21.126416",1.0,1.0,,"2026-07-27 10:09:11.565870","2026-07-27 10:12:20.567101"
7,3353471e-076f-409d-a828-babdc190eaca,38088c9a-a173-4d42-a335-13746677fb9d,,1.0,1.0,,"2026-07-27 10:16:55.033225","2026-07-27 10:17:09.011730"
8,ec585046-3294-43c7-a95e-22ad9ad2eb7a,47a3ed5c-d5fd-477b-9789-996228707315,"2026-07-27 10:19:44.661814",1.0,1.0,,"2026-07-27 10:17:22.165268","2026-07-27 10:20:16.833730"
9,3d746275-c39e-46b3-8c0a-a9f022cd4184,38088c9a-a173-4d42-a335-13746677fb9d,,1.0,1.0,"2026-07-28 10:20:19.024414","2026-07-27 10:18:08.859311","2026-07-27 10:20:19.030445"
10,da34f726-8289-44fe-8d61-9a53ab6334a3,47a3ed5c-d5fd-477b-9789-996228707315,"2026-07-27 10:23:26.648765",1.0,1.0,,"2026-07-27 10:21:31.638316","2026-07-27 10:23:50.091195"
11,1551fc02-61a9-4632-9967-1ca2647b4ccc,47a3ed5c-d5fd-477b-9789-996228707315,"2026-08-10 17:25:19.487612",1.0,1.0,,"2026-07-27 10:53:17.236839","2026-08-10 17:25:19.489803"
12,ed0fd547-97d4-4c09-82c5-330a6f0b9c5f,47a3ed5c-d5fd-477b-9789-996228707315,"2026-08-10 12:13:07.589956",1.0,1.0,,"2026-07-27 10:53:23.422018","2026-08-10 12:13:07.591892"
13,10064053-7bee-456f-95a0-7bbe16e535e5,47a3ed5c-d5fd-477b-9789-996228707315,"2026-08-10 12:12:07.413716",1.0,1.0,,"2026-08-10 12:10:44.036498","2026-08-10 12:12:25.312933"
14,92150d0c-93f3-4045-9ec4-44f1e0e73a85,38088c9a-a173-4d42-a335-13746677fb9d,,1.0,1.0,"2026-08-11 12:12:25.964214","2026-08-10 12:10:49.947261","2026-08-10 12:12:25.968047"
15,27ead293-241e-4018-acb8-d9dcf8b8ae58,47a3ed5c-d5fd-477b-9789-996228707315,"2026-08-10 13:46:28.198674",1.0,1.0,,"2026-08-10 12:10:54.566904","2026-08-10 13:46:28.201109"
16,2fcd436b-a381-42a2-9392-8e52bd72a59e,47a3ed5c-d5fd-477b-9789-996228707315,"2026-08-10 12:13:44.755388",1.0,1.0,,"2026-08-10 12:10:55.653287","2026-08-10 12:14:12.546119"
17,31917460-2cad-4724-abde-76c9ded9f3f7,38088c9a-a173-4d42-a335-13746677fb9d,,1.0,1.0,"2026-08-11 12:14:38.078596","2026-08-10 12:10:56.653648","2026-08-10 12:14:38.080433"
18,e926ac3e-24fa-46c1-b5bc-a274463b009e,47a3ed5c-d5fd-477b-9789-996228707315,"2026-08-10 12:12:55.451060",1.0,1.0,,"2026-08-10 12:11:03.406696","2026-08-10 12:13:27.657460"
19,5784c6f1-44f7-40c1-a96b-f17c4656e064,47a3ed5c-d5fd-477b-9789-996228707315,"2026-08-10 12:13:54.668616",1.0,1.0,,"2026-08-10 12:11:31.865601","2026-08-10 12:14:24.085830"
20,bb0d89ac-de34-4863-a6f9-ef6eedf92d0d,38088c9a-a173-4d42-a335-13746677fb9d,,1.0,1.0,"2026-08-11 12:14:52.369903","2026-08-10 12:11:36.416155","2026-08-10 12:14:52.371769"
21,e736f597-8f1b-4f21-8455-c0afc1ae54f0,38088c9a-a173-4d42-a335-13746677fb9d,,1.0,1.0,"2026-08-11 12:15:09.846824","2026-08-10 12:12:41.034746","2026-08-10 12:15:09.848300"
22,dcf9dee3-7d31-47cd-bf0f-009f313e7024,38088c9a-a173-4d42-a335-13746677fb9d,,1.0,1.0,"2026-08-11 12:15:27.900557","2026-08-10 12:12:47.996848","2026-08-10 12:15:27.902547"
23,89711931-6e58-447d-b466-6d7477964b1d,38088c9a-a173-4d42-a335-13746677fb9d,,1.0,1.0,"2026-08-11 12:16:05.961597","2026-08-10 12:13:06.441668","2026-08-10 12:16:05.963351"
24,1366a030-968c-4b0d-ba7b-f384733716e8,47a3ed5c-d5fd-477b-9789-996228707315,"2026-08-10 12:18:03.561171",1.0,1.0,,"2026-08-10 12:14:27.095596","2026-08-10 12:18:49.432363"
25,6064fabe-9bb5-4633-9a2a-d3d75de479e1,38088c9a-a173-4d42-a335-13746677fb9d,,1.0,1.0,"2026-08-11 12:19:00.522524","2026-08-10 12:15:00.626930","2026-08-10 12:19:00.523943"
26,0d090d0d-be74-435d-a097-dd837bbcad6c,47a3ed5c-d5fd-477b-9789-996228707315,"2026-08-10 12:16:53.909250",1.0,1.0,,"2026-08-10 12:15:14.150055","2026-08-10 12:18:51.072050"
27,f8d63f6b-79a9-418f-9590-970c2e2efcd7,47a3ed5c-d5fd-477b-9789-996228707315,"2026-08-10 12:20:05.045903",1.0,1.0,,"2026-08-10 12:17:59.617834","2026-08-10 12:21:32.413836"
28,64e22839-7286-4a06-9456-927d4eaeaa95,38088c9a-a173-4d42-a335-13746677fb9d,,1.0,1.0,"2026-08-11 12:23:58.297143","2026-08-10 12:22:10.719041","2026-08-10 12:23:58.298891"
29,52370db6-cc36-438f-9574-68d0e577d372,47a3ed5c-d5fd-477b-9789-996228707315,"2026-08-10 12:57:32.503380",1.0,1.0,,"2026-08-10 12:55:47.835759","2026-08-10 12:58:12.809639"
30,bb1dacfc-67e7-4ee5-9862-1649854bb9db,3df24621-77c5-4da1-88c3-3a23af5c5ad7,,1.0,1.0,"2026-08-11 12:58:17.833601","2026-08-10 12:55:55.234721","2026-08-10 12:58:17.835605"
31,e5ee2985-649c-438a-8647-cc5501675674,3df24621-77c5-4da1-88c3-3a23af5c5ad7,,1.0,1.0,"2026-08-11 12:57:46.963969","2026-08-10 12:55:55.515068","2026-08-10 12:57:46.970928"
32,c9e86f33-2e02-4f41-bd54-08fe60c356d7,47a3ed5c-d5fd-477b-9789-996228707315,"2026-08-10 12:57:19.837610",1.0,1.0,,"2026-08-10 12:55:59.349217","2026-08-10 12:57:59.329446"
33,4d893b53-4dea-4f36-bf9c-2d7ccb62310f,3df24621-77c5-4da1-88c3-3a23af5c5ad7,,1.0,1.0,,"2026-08-10 12:56:15.619830","2026-08-10 12:56:37.010836"
34,db1c9233-028d-44ff-a61e-1a03ed24e5f2,47a3ed5c-d5fd-477b-9789-996228707315,"2026-08-10 13:00:19.085947",1.0,1.0,,"2026-08-10 12:56:53.838000","2026-08-10 13:04:19.054430"
35,8eb94b0c-5154-45f6-8b08-82af6586be41,3df24621-77c5-4da1-88c3-3a23af5c5ad7,,1.0,1.0,"2026-08-11 13:00:03.436606","2026-08-10 12:57:56.939520","2026-08-10 13:00:03.438337"
36,431bd26e-ea1f-4549-90c4-c59aa383cf69,47a3ed5c-d5fd-477b-9789-996228707315,"2026-08-10 13:00:21.416203",1.0,1.0,,"2026-08-10 12:58:05.621954","2026-08-10 13:12:08.173823"
37,70eb814f-dbad-40b7-8573-ef63f3edc478,3df24621-77c5-4da1-88c3-3a23af5c5ad7,,1.0,1.0,"2026-08-11 13:05:27.021161","2026-08-10 12:58:22.332466","2026-08-10 13:05:27.022742"
38,714c43b5-9968-4dbc-8802-29f2640c832c,47a3ed5c-d5fd-477b-9789-996228707315,"2026-08-10 13:01:58.007645",1.0,1.0,,"2026-08-10 12:59:46.780296","2026-08-10 13:10:58.615593"
39,b8bc9742-22fa-4452-8508-ea0c435e36a9,47a3ed5c-d5fd-477b-9789-996228707315,"2026-08-10 13:05:15.931735",1.0,1.0,,"2026-08-10 13:02:41.858128","2026-08-10 13:06:02.372296"
40,d6efd731-814a-465d-8248-2cdc76ade273,47a3ed5c-d5fd-477b-9789-996228707315,"2026-08-10 15:57:54.322448",1.0,1.0,,"2026-08-10 13:55:02.823869","2026-08-10 15:57:54.324561"
41,90d9ba7c-e947-4204-aeb2-59e17499052d,3df24621-77c5-4da1-88c3-3a23af5c5ad7,,1.0,1.0,,"2026-08-10 14:11:53.806926","2026-08-10 14:12:56.231448"
42,6e806138-8c19-4526-9693-27121f215685,3df24621-77c5-4da1-88c3-3a23af5c5ad7,,1.0,1.0,,"2026-08-10 14:36:41.365222","2026-08-10 14:36:55.082698"
43,10621578-697d-4a95-ad9f-8e3816453f00,3df24621-77c5-4da1-88c3-3a23af5c5ad7,,,,,"2026-08-10 14:42:44.384487",
44,b3684da2-86b0-40fd-8c34-5671a2264ee3,47a3ed5c-d5fd-477b-9789-996228707315,"2026-08-10 14:45:20.395889",1.0,1.0,,"2026-08-10 14:43:50.772864","2026-08-10 14:45:43.402962"
45,813e1ebc-037b-4f4d-83ba-d8ac19ed4649,3df24621-77c5-4da1-88c3-3a23af5c5ad7,,1.0,1.0,"2026-08-11 14:55:58.412240","2026-08-10 14:51:26.029927","2026-08-10 14:55:58.413896"
46,2dfedf97-1322-499d-a00e-ef93639fa938,47a3ed5c-d5fd-477b-9789-996228707315,"2026-08-10 14:57:41.317873",1.0,1.0,,"2026-08-10 14:54:50.676922","2026-08-10 15:59:59.520393"
47,3b60652e-a6a2-484e-9d7a-953a8b2ba9ff,3df24621-77c5-4da1-88c3-3a23af5c5ad7,,1.0,1.0,"2026-08-11 14:58:38.521752","2026-08-10 14:56:30.433435","2026-08-10 14:58:38.523541"
48,86e1e085-6b19-4a61-95ff-25d96fddae40,3df24621-77c5-4da1-88c3-3a23af5c5ad7,,1.0,1.0,"2026-08-11 15:01:53.500716","2026-08-10 15:00:26.195507","2026-08-10 15:01:53.502370"
49,d1c73893-f979-4f4a-ae7d-3b3fbed40d3c,3df24621-77c5-4da1-88c3-3a23af5c5ad7,,1.0,1.0,"2026-08-11 15:01:45.017274","2026-08-10 15:00:28.232352","2026-08-10 15:01:45.019345"
50,d8c22be3-47c9-4623-92fd-23d90d12e5c9,47a3ed5c-d5fd-477b-9789-996228707315,"2026-08-10 15:02:08.777538",1.0,1.0,,"2026-08-10 15:00:29.939827","2026-08-10 15:02:32.989809"
51,fce16e86-82c7-43fe-ba38-bc3809a17ad1,3df24621-77c5-4da1-88c3-3a23af5c5ad7,,1.0,1.0,"2026-08-11 15:04:56.867503","2026-08-10 15:00:31.049525","2026-08-10 15:04:56.869117"
52,b8b09e53-7ee2-4f43-b216-06ef3190bf8a,3df24621-77c5-4da1-88c3-3a23af5c5ad7,,1.0,1.0,"2026-08-11 15:02:52.682622","2026-08-10 15:00:32.228428","2026-08-10 15:02:52.684365"
53,21ca9fad-19e3-4573-b4de-4dd84dc82215,3df24621-77c5-4da1-88c3-3a23af5c5ad7,,1.0,1.0,,"2026-08-10 15:00:39.027782","2026-08-10 15:00:56.986620"
54,caddd5d5-8bc0-4b05-81e3-1ef4b3e1daa3,47a3ed5c-d5fd-477b-9789-996228707315,"2026-08-10 15:03:44.833711",1.0,1.0,,"2026-08-10 15:00:43.147530","2026-08-10 16:05:35.280920"
55,a8093964-f4c6-47ab-8ef1-e5ca3f7a7ece,3df24621-77c5-4da1-88c3-3a23af5c5ad7,,1.0,1.0,"2026-08-11 15:03:56.919505","2026-08-10 15:00:46.439834","2026-08-10 15:03:56.921065"
56,fa255d63-0247-4f98-b9cc-c242cc000956,47a3ed5c-d5fd-477b-9789-996228707315,"2026-08-10 15:02:27.829419",1.0,1.0,,"2026-08-10 15:00:48.768932","2026-08-10 15:03:07.569738"
57,de5b9481-e09b-4f12-aa2c-9ae286dde416,3df24621-77c5-4da1-88c3-3a23af5c5ad7,,1.0,1.0,"2026-08-11 15:07:46.040469","2026-08-10 15:01:35.350306","2026-08-10 15:07:46.042142"
58,83723caf-eec1-4025-8d3d-0bcfe1c7e3e4,3df24621-77c5-4da1-88c3-3a23af5c5ad7,,1.0,1.0,"2026-08-11 15:05:13.018323","2026-08-10 15:01:43.996153","2026-08-10 15:05:13.019949"
59,4eeb30e1-c5e8-45b0-8dc9-e75ec24d5146,3df24621-77c5-4da1-88c3-3a23af5c5ad7,,1.0,1.0,"2026-08-11 15:03:34.521037","2026-08-10 15:02:16.913194","2026-08-10 15:03:34.522624"
60,f9991d4e-8ccf-41bf-9447-4ab5f8c77186,47a3ed5c-d5fd-477b-9789-996228707315,"2026-08-10 15:03:43.605159",1.0,1.0,"2027-06-06 15:14:00.961266","2026-08-10 15:02:21.183968","2026-08-10 15:14:00.963001"
61,4e2f6449-5cec-440a-ba57-a729116b8d9a,3df24621-77c5-4da1-88c3-3a23af5c5ad7,,1.0,1.0,"2026-08-11 15:05:04.551664","2026-08-10 15:02:33.032837","2026-08-10 15:05:04.553609"
62,ef85a4af-1b09-43a8-9daa-8478058b5e67,3df24621-77c5-4da1-88c3-3a23af5c5ad7,,1.0,1.0,"2026-08-11 15:12:15.864794","2026-08-10 15:02:40.763282","2026-08-10 15:12:15.866747"
63,b4d00fa4-1989-4bc3-bd6d-a8fafdde63d0,47a3ed5c-d5fd-477b-9789-996228707315,"2026-08-10 15:05:18.185908",1.0,1.0,,"2026-08-10 15:03:52.447607","2026-08-10 15:06:12.251523"
64,5743aa4c-e9e0-42b4-8349-ae2c2b48c8b9,47a3ed5c-d5fd-477b-9789-996228707315,"2026-08-10 15:07:47.070459",1.0,1.0,"2026-08-11 18:19:22.510873","2026-08-10 15:04:02.333256","2026-08-10 18:19:22.514311"
65,308ea246-0e62-4dcf-8acf-6b3da327619c,3df24621-77c5-4da1-88c3-3a23af5c5ad7,,1.0,1.0,"2026-08-11 15:08:51.524003","2026-08-10 15:05:41.392925","2026-08-10 15:08:51.525700"
66,4a03d9db-5b16-48ab-9db4-1f3f70b18293,3df24621-77c5-4da1-88c3-3a23af5c5ad7,"2026-08-10 15:07:34.610841",1.0,1.0,,"2026-08-10 15:05:54.637316","2026-08-10 15:07:34.612539"
67,d8250051-228a-4409-a726-3621fd666683,47a3ed5c-d5fd-477b-9789-996228707315,"2026-08-10 15:10:02.491935",1.0,1.0,,"2026-08-10 15:06:00.775294","2026-08-10 15:11:29.374053"
68,44ede870-070f-477b-8293-806bb798f5d4,3df24621-77c5-4da1-88c3-3a23af5c5ad7,,1.0,1.0,"2026-08-11 15:08:26.480315","2026-08-10 15:06:03.330689","2026-08-10 15:08:26.481986"
69,cfaf53db-a555-44ab-8578-7977fb50aecc,3df24621-77c5-4da1-88c3-3a23af5c5ad7,,1.0,1.0,"2027-06-06 15:06:49.472361","2026-08-10 15:06:05.793605","2026-08-10 15:06:49.474232"
70,c5c57560-e25c-4bb4-a482-76ca48f439d3,3df24621-77c5-4da1-88c3-3a23af5c5ad7,,1.0,1.0,"2027-06-06 15:06:37.787299","2026-08-10 15:06:17.558025","2026-08-10 15:06:37.788834"
71,aacfbf83-60ec-4817-aecd-b731847992e7,47a3ed5c-d5fd-477b-9789-996228707315,"2026-08-10 15:08:30.900244",1.0,1.0,,"2026-08-10 15:06:21.401679","2026-08-10 15:10:53.512359"
72,0d318d00-95e0-414d-9083-74e16aba69ab,47a3ed5c-d5fd-477b-9789-996228707315,"2026-08-10 17:11:12.845583",1.0,1.0,"2027-06-06 17:28:49.411409","2026-08-10 15:06:22.078324","2026-08-10 17:28:49.412959"
73,eb7f8be9-40fe-4d3b-97dd-ae7d4674f219,47a3ed5c-d5fd-477b-9789-996228707315,"2026-08-10 15:09:36.405491",1.0,1.0,,"2026-08-10 15:06:25.417132","2026-08-10 15:12:21.626764"
74,e1fe193f-fbfb-4b7f-899b-1fd5b8665100,3df24621-77c5-4da1-88c3-3a23af5c5ad7,,1.0,1.0,"2026-08-11 15:08:40.688460","2026-08-10 15:06:27.243914","2026-08-10 15:08:40.690318"
75,487c420b-5403-49d8-aae0-c52ddd6e3cce,47a3ed5c-d5fd-477b-9789-996228707315,"2026-08-10 15:11:15.168657",1.0,1.0,,"2026-08-10 15:06:29.210988","2026-08-10 15:34:19.282748"
76,8bc7671f-2e21-48c4-ad71-68fdf61f2239,3df24621-77c5-4da1-88c3-3a23af5c5ad7,,1.0,1.0,"2026-08-11 15:15:28.854431","2026-08-10 15:06:32.416786","2026-08-10 15:15:28.856122"
77,6b4daa0c-cd4a-4eef-8e08-40957371febb,47a3ed5c-d5fd-477b-9789-996228707315,"2026-08-10 16:25:21.595403",1.0,1.0,,"2026-08-10 15:06:33.424593","2026-08-10 16:25:21.597364"
78,be2ae2c7-c950-475b-ae3e-9f25834fceae,47a3ed5c-d5fd-477b-9789-996228707315,"2026-08-10 15:09:31.169483",1.0,1.0,,"2026-08-10 15:06:45.828754","2026-08-10 15:11:13.863753"
79,0807f290-61e6-4e80-934c-014880a1de80,47a3ed5c-d5fd-477b-9789-996228707315,"2026-08-10 15:08:36.446694",1.0,1.0,,"2026-08-10 15:06:48.887818","2026-08-10 15:09:03.806114"
80,83371d68-d13b-4a5e-9788-3047a85f962d,3df24621-77c5-4da1-88c3-3a23af5c5ad7,,1.0,1.0,"2026-08-11 15:08:41.190250","2026-08-10 15:06:52.821757","2026-08-10 15:08:41.191686"
81,dcaeb1ee-6db4-41a3-b37e-cb603b21d85e,3df24621-77c5-4da1-88c3-3a23af5c5ad7,,1.0,1.0,"2026-08-11 15:11:03.347582","2026-08-10 15:06:56.529300","2026-08-10 15:11:03.349169"
82,490ec39e-219e-42d9-adba-14ca9f161985,47a3ed5c-d5fd-477b-9789-996228707315,"2026-08-10 15:08:45.526861",1.0,1.0,,"2026-08-10 15:07:08.953348","2026-08-10 15:09:12.415037"
83,931e5001-9192-4927-a873-c62b762583cb,47a3ed5c-d5fd-477b-9789-996228707315,"2026-08-10 15:09:47.821300",1.0,1.0,"2026-08-11 16:17:43.825284","2026-08-10 15:07:22.270027","2026-08-10 16:17:43.827004"
84,f9899d35-efea-4149-b9c9-1503dd883c06,47a3ed5c-d5fd-477b-9789-996228707315,"2026-08-11 08:56:55.991487",1.0,1.0,,"2026-08-10 15:07:42.083504","2026-08-11 08:56:55.993385"
85,6f14b337-bd32-4177-881c-260c2c6fd602,3df24621-77c5-4da1-88c3-3a23af5c5ad7,,1.0,1.0,"2026-08-11 15:13:10.741174","2026-08-10 15:07:45.591364","2026-08-10 15:13:10.743162"
86,4dfd40f3-3ae2-4e26-b3ec-7ff26574ed67,47a3ed5c-d5fd-477b-9789-996228707315,"2026-08-10 15:09:52.704625",1.0,1.0,,"2026-08-10 15:07:53.390885","2026-08-10 15:10:41.694632"
87,b16191df-4a53-47aa-9726-f857ef22febc,3df24621-77c5-4da1-88c3-3a23af5c5ad7,,1.0,1.0,"2026-08-11 15:11:20.625754","2026-08-10 15:08:05.127686","2026-08-10 15:11:20.628719"
88,d13f7c59-51ec-4e05-8d3d-6970170936a4,47a3ed5c-d5fd-477b-9789-996228707315,"2026-08-10 15:11:22.481662",1.0,1.0,,"2026-08-10 15:09:00.588983","2026-08-10 15:14:01.422801"
89,491c554a-433b-48e6-9048-8c0651f79cec,47a3ed5c-d5fd-477b-9789-996228707315,"2026-08-10 15:10:36.696823",1.0,1.0,,"2026-08-10 15:09:04.273043","2026-08-10 15:13:22.028302"
90,b52b24a8-6852-4bc8-9caf-ecaae7df0e23,3df24621-77c5-4da1-88c3-3a23af5c5ad7,"2026-08-10 15:10:51.306055",1.0,1.0,,"2026-08-10 15:09:09.474871","2026-08-10 15:10:51.307755"
91,d5c64303-2419-4033-baf5-121fff47f2f1,3df24621-77c5-4da1-88c3-3a23af5c5ad7,,1.0,1.0,"2026-08-11 15:12:04.456445","2026-08-10 15:09:15.525947","2026-08-10 15:12:04.458282"
92,bcf46f23-2c12-420f-b314-2d538485a7db,47a3ed5c-d5fd-477b-9789-996228707315,"2026-08-10 15:11:18.427339",1.0,1.0,,"2026-08-10 15:09:20.935134","2026-08-10 15:15:27.260902"
93,bd614f7c-50e7-46a8-8221-47f46284aa5c,47a3ed5c-d5fd-477b-9789-996228707315,"2026-08-10 15:11:51.970517",1.0,1.0,,"2026-08-10 15:09:36.056809","2026-08-10 15:14:43.801945"
94,4dae4272-af2b-46b3-8a19-9a161689c2b1,3df24621-77c5-4da1-88c3-3a23af5c5ad7,,1.0,1.0,"2026-08-11 15:16:31.978318","2026-08-10 15:11:34.580811","2026-08-10 15:16:31.980403"
95,d52a8b43-3bef-44ca-9f39-7a0c3da29979,47a3ed5c-d5fd-477b-9789-996228707315,"2026-08-10 16:20:09.021713",1.0,1.0,,"2026-08-10 15:15:46.605659","2026-08-10 16:20:09.023254"
96,7fbd153d-5330-4300-8bd3-a6d161721845,47a3ed5c-d5fd-477b-9789-996228707315,"2026-08-10 15:19:07.594422",1.0,1.0,,"2026-08-10 15:15:49.471397","2026-08-10 15:21:29.319637"
97,146a560d-540e-4a2e-9b78-3958268b01bb,47a3ed5c-d5fd-477b-9789-996228707315,"2026-08-10 15:18:43.760490",1.0,1.0,,"2026-08-10 15:16:45.658527","2026-08-10 15:19:39.200767"
98,20463f1d-1778-4e17-b499-e9838e1e1328,47a3ed5c-d5fd-477b-9789-996228707315,"2026-08-10 15:45:47.920913",1.0,1.0,"2027-06-06 16:00:11.407297","2026-08-10 15:43:16.716178","2026-08-10 16:00:11.408928"
99,67182a13-9f01-4a87-9af0-69008d8e8f0f,3df24621-77c5-4da1-88c3-3a23af5c5ad7,,1.0,1.0,"2026-08-11 15:56:03.993191","2026-08-10 15:53:08.706507","2026-08-10 15:56:03.995231"
100,5ac84a10-1e53-4708-a17f-4ad0aff81de1,3df24621-77c5-4da1-88c3-3a23af5c5ad7,,1.0,1.0,"2026-08-11 15:54:28.133261","2026-08-10 15:53:10.149320","2026-08-10 15:54:28.134978"
101,9e6c437a-3569-42e0-981d-985899738f79,47a3ed5c-d5fd-477b-9789-996228707315,"2026-08-10 16:11:23.976352",1.0,1.0,,"2026-08-10 16:09:17.065694","2026-08-10 16:14:21.627265"
102,3c694bf7-0d00-400c-a59b-feac58761a36,3df24621-77c5-4da1-88c3-3a23af5c5ad7,,1.0,1.0,"2026-08-11 16:13:07.405495","2026-08-10 16:10:21.756127","2026-08-10 16:13:07.407823"
103,c59574a9-0c05-43f8-8bbf-5dfcfa5b2a65,3df24621-77c5-4da1-88c3-3a23af5c5ad7,,1.0,1.0,"2027-06-06 16:16:34.259234","2026-08-10 16:15:06.494902","2026-08-10 16:16:34.260841"
104,9d4f8692-973a-4513-bb80-3b97dc375a98,47a3ed5c-d5fd-477b-9789-996228707315,"2026-08-10 16:17:10.441581",1.0,1.0,,"2026-08-10 16:15:43.384429","2026-08-10 16:17:56.629957"
105,5707c2e1-98a8-49fd-9af0-39e1a8e4f086,47a3ed5c-d5fd-477b-9789-996228707315,"2026-08-10 18:31:25.958228",1.0,1.0,,"2026-08-10 16:26:03.246019","2026-08-10 18:31:25.960457"
106,0dd5b0bb-cf7d-49f3-8cfc-5f6d66536c43,3df24621-77c5-4da1-88c3-3a23af5c5ad7,,1.0,1.0,,"2026-08-10 17:07:25.623185","2026-08-10 17:07:45.928449"
107,281bce7a-8513-4509-9af8-aa1c811ddf45,3df24621-77c5-4da1-88c3-3a23af5c5ad7,,1.0,1.0,"2026-08-11 17:35:40.553130","2026-08-10 17:33:30.463848","2026-08-10 17:35:40.555324"
108,5a3f1ab5-6c86-416c-92c9-8d4b74a1af08,47a3ed5c-d5fd-477b-9789-996228707315,"2026-08-10 17:59:20.963468",1.0,1.0,,"2026-08-10 17:57:33.139940","2026-08-10 18:00:18.384197"
109,d447ed63-91a9-4410-88ce-a0e8e6a85301,47a3ed5c-d5fd-477b-9789-996228707315,"2026-08-10 19:25:30.508748",1.0,1.0,,"2026-08-10 18:17:00.235484","2026-08-10 19:25:30.510711"
110,2b9e3eb3-8c0c-42b3-ba05-3686196eb212,47a3ed5c-d5fd-477b-9789-996228707315,"2026-08-10 19:04:43.497386",1.0,1.0,,"2026-08-10 19:03:06.849226","2026-08-10 19:06:28.310591"
111,84fdde06-f2d0-4243-9a03-284751288d68,47a3ed5c-d5fd-477b-9789-996228707315,"2026-08-10 19:05:14.438815",1.0,1.0,,"2026-08-10 19:03:34.414295","2026-08-10 19:06:04.108197"
112,2a8de9e6-376c-4be3-8f11-900b546528b1,3df24621-77c5-4da1-88c3-3a23af5c5ad7,,1.0,1.0,"2026-08-11 19:04:54.461681","2026-08-10 19:03:35.931811","2026-08-10 19:04:54.463457"
113,8eb8d38d-6b42-4827-bcb9-927d7c67fdaf,47a3ed5c-d5fd-477b-9789-996228707315,"2026-08-10 19:05:39.794333",1.0,1.0,,"2026-08-10 19:03:42.769929","2026-08-10 19:06:16.401482"
114,4c163db7-602e-4066-96a3-8fab3af66548,3df24621-77c5-4da1-88c3-3a23af5c5ad7,,1.0,1.0,"2026-08-11 19:05:31.903961","2026-08-10 19:03:55.844848","2026-08-10 19:05:31.906477"
115,37193ee5-0384-4449-8441-6c5ebc2d3c0d,3df24621-77c5-4da1-88c3-3a23af5c5ad7,,1.0,1.0,"2026-08-11 19:05:45.183184","2026-08-10 19:04:01.919557","2026-08-10 19:05:45.184833"
116,98d570c8-9010-489f-a406-95d75acc8e42,47a3ed5c-d5fd-477b-9789-996228707315,"2026-08-10 19:06:39.472385",1.0,1.0,,"2026-08-10 19:04:05.444308","2026-08-10 19:07:14.274536"
117,2ee7818f-711d-4b56-b7e4-7c1c58c8d41f,47a3ed5c-d5fd-477b-9789-996228707315,"2026-08-10 19:06:52.615782",1.0,1.0,,"2026-08-10 19:04:08.867863","2026-08-10 19:10:45.357934"
118,1f335b65-83c3-40f2-86ba-a688d0f712b6,3df24621-77c5-4da1-88c3-3a23af5c5ad7,,1.0,1.0,,"2026-08-10 19:04:10.388715","2026-08-10 19:04:29.195872"
119,1b47bbff-5854-43ff-a296-e7fea9c45279,3df24621-77c5-4da1-88c3-3a23af5c5ad7,,1.0,1.0,"2026-08-11 19:10:38.587230","2026-08-10 19:04:11.685482","2026-08-10 19:10:38.588867"
120,612b143f-f729-47a1-ad73-3181b04a34b5,47a3ed5c-d5fd-477b-9789-996228707315,"2026-08-10 19:06:02.978431",1.0,1.0,,"2026-08-10 19:04:16.803864","2026-08-10 19:06:52.575176"
121,ab654175-f358-4328-b26c-31f6fba528c5,3df24621-77c5-4da1-88c3-3a23af5c5ad7,,1.0,1.0,"2027-06-06 19:04:54.929029","2026-08-10 19:04:17.780326","2026-08-10 19:04:54.930508"
122,d43ed3ec-b54e-48e1-adf8-f872e1e63368,47a3ed5c-d5fd-477b-9789-996228707315,"2026-08-10 19:06:51.538832",1.0,1.0,,"2026-08-10 19:04:17.799464","2026-08-10 19:07:30.007033"
123,7e0152af-9db8-49b3-b3e5-fac41998ffec,47a3ed5c-d5fd-477b-9789-996228707315,"2026-08-10 19:06:01.848590",1.0,1.0,,"2026-08-10 19:04:22.881746","2026-08-10 19:06:23.931748"
124,761d2d1c-295b-45fd-850c-e5495a97ae10,3df24621-77c5-4da1-88c3-3a23af5c5ad7,,1.0,1.0,"2027-06-06 19:05:15.407979","2026-08-10 19:04:22.956070","2026-08-10 19:05:15.409818"
125,c703f77d-0ade-4504-a107-6990c976602e,3df24621-77c5-4da1-88c3-3a23af5c5ad7,,1.0,1.0,"2027-06-06 19:04:58.525788","2026-08-10 19:04:24.059015","2026-08-10 19:04:58.527239"
126,17f166c7-ad5d-4189-939d-1c4f2891373c,47a3ed5c-d5fd-477b-9789-996228707315,"2026-08-10 19:05:48.496820",1.0,1.0,,"2026-08-10 19:04:26.523250","2026-08-10 19:06:15.459320"
127,d787a4fc-434c-43b5-853f-f03a8a10d1f4,47a3ed5c-d5fd-477b-9789-996228707315,"2026-08-10 19:06:13.743646",1.0,1.0,,"2026-08-10 19:04:26.781141","2026-08-10 19:07:03.997047"
128,9b73fc2f-ad4c-4028-b2f7-32342451cbb2,47a3ed5c-d5fd-477b-9789-996228707315,"2026-08-10 19:07:01.907708",1.0,1.0,,"2026-08-10 19:04:30.564741","2026-08-10 19:07:30.388968"
129,f16cabe8-8de9-49a8-8994-960a0807e310,3df24621-77c5-4da1-88c3-3a23af5c5ad7,,1.0,1.0,"2026-08-11 19:08:54.709505","2026-08-10 19:04:33.326967","2026-08-10 19:08:54.711168"
130,c425c4c4-8d26-4b36-bba0-ff3ce0139641,47a3ed5c-d5fd-477b-9789-996228707315,"2026-08-10 19:06:06.150171",1.0,1.0,,"2026-08-10 19:04:47.408235","2026-08-10 19:08:50.009298"
131,9cdc9245-aec1-48af-82f3-52c820b8e0cf,47a3ed5c-d5fd-477b-9789-996228707315,"2026-08-10 19:07:20.579297",1.0,1.0,,"2026-08-10 19:04:58.192394","2026-08-10 19:08:04.465672"
132,84524269-83fe-4bab-96d4-f78fb5e1332d,47a3ed5c-d5fd-477b-9789-996228707315,"2026-08-10 19:09:01.052515",1.0,1.0,,"2026-08-10 19:05:15.051960","2026-08-10 19:11:27.052807"
133,11197d2a-f840-4645-9876-ca7c670c6ffb,47a3ed5c-d5fd-477b-9789-996228707315,"2026-08-10 19:07:19.229021",1.0,1.0,,"2026-08-10 19:05:45.371235","2026-08-10 19:08:38.746800"
134,e7cf95e5-3dec-45e2-8936-7fd1cdadf0bc,47a3ed5c-d5fd-477b-9789-996228707315,"2026-08-10 19:07:58.439580",1.0,1.0,,"2026-08-10 19:05:46.461213","2026-08-10 19:16:09.781219"
135,782dabac-c339-49da-8002-6eea458120fc,3df24621-77c5-4da1-88c3-3a23af5c5ad7,,1.0,1.0,,"2026-08-10 19:05:47.752751","2026-08-10 19:06:11.127803"
136,e48d56c9-29e0-422a-9b8a-d383faafefb0,3df24621-77c5-4da1-88c3-3a23af5c5ad7,,1.0,1.0,"2026-08-11 19:08:16.936194","2026-08-10 19:05:50.361709","2026-08-10 19:08:16.937999"
137,3b3e37be-8f8a-4668-af55-10228e6c36ed,47a3ed5c-d5fd-477b-9789-996228707315,"2026-08-10 19:07:57.339575",1.0,1.0,,"2026-08-10 19:06:02.286555","2026-08-10 19:08:44.696793"
138,53587377-6c94-45fc-af60-9412886e7d13,3df24621-77c5-4da1-88c3-3a23af5c5ad7,,1.0,1.0,,"2026-08-10 19:06:15.557266","2026-08-10 19:07:23.481865"
139,ac0f7017-bcac-4fa6-8a33-6ec1a2f170ae,3df24621-77c5-4da1-88c3-3a23af5c5ad7,,1.0,,,"2026-08-10 19:06:21.000245","2026-08-10 19:06:24.379189"
140,3f1d69cf-72cc-4baa-b5c2-86b683b5b111,47a3ed5c-d5fd-477b-9789-996228707315,"2026-08-10 19:07:39.293828",1.0,1.0,,"2026-08-10 19:06:24.612351","2026-08-10 19:08:49.550785"
141,affa52c5-f595-41b4-afc3-00b3f9c0eab5,47a3ed5c-d5fd-477b-9789-996228707315,"2026-08-10 19:08:15.058274",1.0,1.0,,"2026-08-10 19:06:34.202207","2026-08-10 19:08:46.195181"
142,0ea3a113-54e4-4350-9e63-0e08093742a9,3df24621-77c5-4da1-88c3-3a23af5c5ad7,"2026-08-10 19:08:42.362008",1.0,1.0,,"2026-08-10 19:06:47.922177","2026-08-10 19:08:42.363671"
143,3dc3005e-a12a-4d04-9841-c95d706e292d,3df24621-77c5-4da1-88c3-3a23af5c5ad7,,1.0,1.0,"2026-08-11 19:09:09.077468","2026-08-10 19:06:58.036299","2026-08-10 19:09:09.079259"
144,176187f4-112d-4f3b-94b2-a9db977257ac,3df24621-77c5-4da1-88c3-3a23af5c5ad7,,1.0,1.0,,"2026-08-10 19:07:21.344887","2026-08-10 19:07:59.499475"
145,564f08df-e39a-4f5a-8fa7-7f647eb81c8b,47a3ed5c-d5fd-477b-9789-996228707315,"2026-08-10 19:10:16.197517",1.0,1.0,,"2026-08-10 19:07:26.123238","2026-08-10 19:10:44.585144"
146,44baf719-a929-479c-a5e0-6cc457960379,3df24621-77c5-4da1-88c3-3a23af5c5ad7,,1.0,1.0,"2026-08-11 19:09:37.371842","2026-08-10 19:07:29.307675","2026-08-10 19:09:37.373773"
147,07e5e501-8706-417a-912d-6050cd89172f,47a3ed5c-d5fd-477b-9789-996228707315,"2026-08-10 19:10:17.355879",1.0,1.0,,"2026-08-10 19:07:46.980833","2026-08-10 19:10:57.106564"
148,b76daa41-5e5b-4512-9e8e-37ff708b43fd,47a3ed5c-d5fd-477b-9789-996228707315,"2026-08-10 19:10:46.801749",1.0,1.0,,"2026-08-10 19:08:16.013620","2026-08-10 19:20:21.046726"
149,340e73db-d0b1-4052-b273-573d93a73369,3df24621-77c5-4da1-88c3-3a23af5c5ad7,,1.0,1.0,"2026-08-11 19:12:44.694497","2026-08-10 19:08:38.888056","2026-08-10 19:12:44.696222"
150,233f28d0-e8fa-4b4f-a16c-68a48b2436da,47a3ed5c-d5fd-477b-9789-996228707315,"2026-08-10 19:10:29.869831",1.0,1.0,,"2026-08-10 19:08:45.826871","2026-08-10 19:13:27.805971"
151,f5e96633-53ab-400b-9063-f8a8b195417b,3df24621-77c5-4da1-88c3-3a23af5c5ad7,"2026-08-10 19:11:34.033532",1.0,1.0,,"2026-08-10 19:08:54.646396","2026-08-10 19:11:34.034991"
152,78cd55e1-9b8a-424a-8fe6-19bcd747b171,47a3ed5c-d5fd-477b-9789-996228707315,"2026-08-10 19:11:28.708138",1.0,1.0,,"2026-08-10 19:09:12.326246","2026-08-10 19:20:26.345934"
153,917cc524-9bff-4911-b1af-baed294a199f,3df24621-77c5-4da1-88c3-3a23af5c5ad7,,1.0,1.0,"2027-06-06 19:10:33.596880","2026-08-10 19:09:20.906735","2026-08-10 19:10:33.598465"
154,94e79b90-6648-46f0-96d0-32865a9a058f,47a3ed5c-d5fd-477b-9789-996228707315,"2026-08-10 19:11:42.581204",1.0,1.0,,"2026-08-10 19:10:13.392282","2026-08-10 19:15:04.901291"
155,28f913e0-0440-4825-b142-91a39e91b7d9,47a3ed5c-d5fd-477b-9789-996228707315,"2026-08-10 19:14:14.105450",1.0,1.0,,"2026-08-10 19:10:27.775063","2026-08-10 19:14:56.972107"
156,0b767bfb-7560-4308-a383-7e498a710622,47a3ed5c-d5fd-477b-9789-996228707315,"2026-08-10 19:13:15.076258",1.0,1.0,,"2026-08-10 19:10:46.829478","2026-08-10 19:14:59.291970"
157,c9ea2373-a8aa-4fb2-8789-3ce5071e5e15,3df24621-77c5-4da1-88c3-3a23af5c5ad7,,1.0,1.0,"2026-08-11 19:14:48.815448","2026-08-10 19:10:47.739954","2026-08-10 19:14:48.817359"
158,269ebc7c-9f24-42cd-a1b0-650fa9baecd6,47a3ed5c-d5fd-477b-9789-996228707315,"2026-08-10 19:13:00.487455",1.0,1.0,,"2026-08-10 19:10:57.314318","2026-08-10 19:13:51.417725"
159,cadf74e5-4a54-4b95-96ac-6e0f73e32d37,3df24621-77c5-4da1-88c3-3a23af5c5ad7,,1.0,1.0,"2026-08-11 19:17:28.664234","2026-08-10 19:11:14.593594","2026-08-10 19:17:28.665884"
160,0f789b77-ba4d-449f-8280-2d172f406b16,3df24621-77c5-4da1-88c3-3a23af5c5ad7,,1.0,1.0,"2026-08-11 19:12:45.903454","2026-08-10 19:11:25.542597","2026-08-10 19:12:45.905156"
161,7f909bfb-9945-409e-9b1d-337058a948e8,3df24621-77c5-4da1-88c3-3a23af5c5ad7,,1.0,1.0,"2026-08-11 19:16:08.907054","2026-08-10 19:11:40.122041","2026-08-10 19:16:08.908979"
162,cac14aff-b28f-47cb-9ea2-7c06927e7adc,3df24621-77c5-4da1-88c3-3a23af5c5ad7,,1.0,1.0,"2026-08-11 19:15:16.621172","2026-08-10 19:11:51.339278","2026-08-10 19:15:16.622717"
163,a5ed32f0-c4cd-4cf6-809e-276d51cc0662,47a3ed5c-d5fd-477b-9789-996228707315,"2026-08-10 19:15:20.875715",1.0,1.0,,"2026-08-10 19:13:13.504943","2026-08-10 19:16:19.743459"
164,fed8a370-47ad-44d4-9208-88a9fa5373bd,47a3ed5c-d5fd-477b-9789-996228707315,"2026-08-10 19:16:22.630617",1.0,1.0,,"2026-08-10 19:15:01.785007","2026-08-10 19:17:44.139011"
165,3fcf6637-0634-4401-852a-fda63e9a470a,47a3ed5c-d5fd-477b-9789-996228707315,"2026-08-11 09:16:57.683567",1.0,1.0,,"2026-08-10 19:15:14.155699","2026-08-11 09:16:57.685876"
166,805b24cc-868a-4237-9766-42b9cfac902a,3df24621-77c5-4da1-88c3-3a23af5c5ad7,,1.0,1.0,"2026-08-11 19:17:37.597783","2026-08-10 19:15:47.423684","2026-08-10 19:17:37.599617"
167,d707d3fc-ab0c-4645-b182-f1b672430fe8,47a3ed5c-d5fd-477b-9789-996228707315,"2026-08-10 19:18:14.207297",1.0,1.0,,"2026-08-10 19:16:23.882262","2026-08-10 19:19:01.843316"
168,9dd27179-b94b-4937-b1f7-1c30ee2519d0,47a3ed5c-d5fd-477b-9789-996228707315,"2026-08-10 19:19:52.994187",1.0,1.0,,"2026-08-10 19:17:17.673401","2026-08-10 19:20:30.128622"
169,f5cbdd42-a660-4fd5-92fb-e8033e28936e,3df24621-77c5-4da1-88c3-3a23af5c5ad7,,1.0,1.0,"2026-08-11 19:19:46.326497","2026-08-10 19:18:04.577502","2026-08-10 19:19:46.328410"
170,7a0598af-431c-47bb-af0c-cfa1e1a9cbd9,47a3ed5c-d5fd-477b-9789-996228707315,"2026-08-11 08:39:56.081404",1.0,1.0,,"2026-08-10 19:18:23.781387","2026-08-11 08:39:56.083419"
171,d51979a6-5661-4c4f-a4f2-268d394040d2,47a3ed5c-d5fd-477b-9789-996228707315,"2026-08-10 19:24:26.330688",1.0,1.0,,"2026-08-10 19:20:02.755208","2026-08-10 19:24:53.371964"
172,92212cad-960a-4c23-94c9-47e2c1199e93,3df24621-77c5-4da1-88c3-3a23af5c5ad7,,1.0,1.0,"2027-06-06 19:20:44.716053","2026-08-10 19:20:21.525669","2026-08-10 19:20:44.717809"
173,256178db-4ff9-475c-8180-4c55b4107a86,3df24621-77c5-4da1-88c3-3a23af5c5ad7,,1.0,1.0,"2026-08-11 19:24:05.448849","2026-08-10 19:21:01.499636","2026-08-10 19:24:05.450605"
174,2eeaac71-6d44-46ba-9d97-d751cc851797,3df24621-77c5-4da1-88c3-3a23af5c5ad7,,1.0,1.0,"2026-08-11 19:26:34.305502","2026-08-10 19:24:41.648042","2026-08-10 19:26:34.307347"
175,3083a824-ae73-426a-adbc-ff56868831d7,47a3ed5c-d5fd-477b-9789-996228707315,"2026-08-11 08:35:46.495286",1.0,1.0,,"2026-08-10 19:26:58.684668","2026-08-11 08:35:46.497730"
176,fe26bf56-c76a-46b8-b21f-e363360107d4,3df24621-77c5-4da1-88c3-3a23af5c5ad7,"2026-08-11 08:40:52.770012",1.0,1.0,,"2026-08-11 08:39:22.340195","2026-08-11 08:40:52.771466"
177,c2cbc175-c3fa-401e-aff0-5dda47e06231,47a3ed5c-d5fd-477b-9789-996228707315,"2026-08-11 08:43:35.380311",1.0,1.0,,"2026-08-11 08:39:22.947512","2026-08-11 08:44:19.617146"
178,ca2b4387-16ad-4409-8d9f-2b635f7fac33,47a3ed5c-d5fd-477b-9789-996228707315,"2026-08-11 08:41:26.765828",1.0,1.0,,"2026-08-11 08:39:24.762283","2026-08-11 08:42:11.449035"
179,77b6e777-90df-489d-a37f-01b7d5d58d03,47a3ed5c-d5fd-477b-9789-996228707315,"2026-08-11 08:40:40.606477",1.0,1.0,,"2026-08-11 08:39:40.059522","2026-08-11 08:44:53.662324"
180,073f6768-be74-4de9-8344-0f4dc486dbb8,47a3ed5c-d5fd-477b-9789-996228707315,"2026-08-11 08:41:39.937420",1.0,1.0,,"2026-08-11 08:39:44.509056","2026-08-11 08:42:22.797472"
181,8da0a8de-b837-4294-a614-ba7c0106ba76,47a3ed5c-d5fd-477b-9789-996228707315,"2026-08-11 08:42:20.425257",1.0,1.0,,"2026-08-11 08:40:40.431569","2026-08-11 08:43:21.072866"
182,92607b12-f798-4a90-ab46-42fdad700a37,47a3ed5c-d5fd-477b-9789-996228707315,"2026-08-11 08:43:36.031205",1.0,1.0,,"2026-08-11 08:41:31.257369","2026-08-11 08:46:46.397542"
183,2cc9942f-2595-4093-bf6a-72f6e6d47043,47a3ed5c-d5fd-477b-9789-996228707315,"2026-08-11 08:45:38.548687",1.0,1.0,,"2026-08-11 08:41:39.057672","2026-08-11 08:46:17.153064"
184,a3d5db7a-b9fd-4e9b-921b-61c6d3680f38,3df24621-77c5-4da1-88c3-3a23af5c5ad7,,1.0,1.0,"2026-08-12 09:12:08.625838","2026-08-11 09:10:19.706522","2026-08-11 09:12:08.627822"
185,a16a092e-4f6d-4205-84d1-179d51ba833e,47a3ed5c-d5fd-477b-9789-996228707315,"2026-08-11 09:12:29.003443",1.0,1.0,,"2026-08-11 09:11:21.860396","2026-08-11 09:37:52.937808"
186,c2bc96bd-9dfc-4170-bfa4-25a2219b07f4,3df24621-77c5-4da1-88c3-3a23af5c5ad7,,1.0,1.0,,"2026-08-11 09:12:35.404392","2026-08-11 09:12:52.661042"
187,d3c50426-28b3-4640-9324-77d94dab86ad,3df24621-77c5-4da1-88c3-3a23af5c5ad7,,1.0,1.0,"2026-08-12 09:17:02.399827","2026-08-11 09:14:48.546200","2026-08-11 09:17:02.401782"
188,e6a6e9d7-bf0c-418d-9903-b582d912ff6c,47a3ed5c-d5fd-477b-9789-996228707315,"2026-08-11 09:19:10.578926",1.0,1.0,,"2026-08-11 09:17:50.118306","2026-08-11 09:19:55.737274"
