id,worker_id,study_id,session_id,is_distractive_environment,type_of_listening_device,type_of_headphones,is_wired_headphones,is_stereo_hearing,huggingspitch_test_passed,huggingspitch_correct_answers,completion_time,created_at,updated_at
1,73d6b339-e9aa-4e8f-969b-823aa5cd9fc1,,,"No, I am in a quiet environment right now","Headphones / earphones / earbuds","Earphones (in-ear, with silicon seal)","Yes, my headphones are wired","Yes, I have stereo (two-eared) hearing",1,4,00:01:33.181000,"2026-07-22 15:16:15.269314",
2,1da3ea7e-2366-4c0a-8b51-9ed0e2c8d4e2,63fd2801-0f58-409b-9831-1a8f48054b96,,"No, I am in a quiet environment right now","Headphones / earphones / earbuds","Headphones (over-ear)","Yes, my headphones are wired","Yes, I have stereo (two-eared) hearing",0,1,00:02:04.695000,"2026-07-24 13:43:46.147667",
3,e3162d53-8c48-4319-ac22-d0bc486a8658,63fd2801-0f58-409b-9831-1a8f48054b96,,"No, I am in a quiet environment right now","Headphones / earphones / earbuds","Earbuds (no silicon seal)","No, my headphones are not wired","Yes, I have stereo (two-eared) hearing",1,4,00:01:10.567000,"2026-07-24 13:45:46.749618",
4,2244d538-68e4-47b9-93fe-e18bbfdcca32,63fd2801-0f58-409b-9831-1a8f48054b96,,"No, I am in a quiet environment right now","Headphones / earphones / earbuds","Earphones (in-ear, with silicon seal)","No, my headphones are not wired","Yes, I have stereo (two-eared) hearing",1,4,00:02:08.834000,"2026-07-24 13:51:21.735175",
5,e0438750-aeb3-4cad-a4f8-dd021027a264,63fd2801-0f58-409b-9831-1a8f48054b96,,"No, I am in a quiet environment right now","Headphones / earphones / earbuds","Headphones (over-ear)","No, my headphones are not wired","Yes, I have stereo (two-eared) hearing",1,4,00:01:59.392000,"2026-07-24 13:52:25.054423",
6,f50bd5bb-19db-43fa-a177-25ab93d3d271,38088c9a-a173-4d42-a335-13746677fb9d,,"No, I am in a quiet environment right now","Headphones / earphones / earbuds","Headphones (over-ear)","Yes, my headphones are wired","Yes, I have stereo (two-eared) hearing",1,4,00:01:49.477000,"2026-07-27 10:11:21.108847",
7,ec585046-3294-43c7-a95e-22ad9ad2eb7a,38088c9a-a173-4d42-a335-13746677fb9d,,"No, I am in a quiet environment right now","Headphones / earphones / earbuds","Headphones (over-ear)","Yes, my headphones are wired","Yes, I have stereo (two-eared) hearing",1,4,00:01:54.272000,"2026-07-27 10:19:44.648772",
8,3d746275-c39e-46b3-8c0a-a9f022cd4184,38088c9a-a173-4d42-a335-13746677fb9d,,"No, I am in a quiet environment right now","Laptop speakers","","","",0,1,00:01:25.481000,"2026-07-27 10:20:19.010914",
9,da34f726-8289-44fe-8d61-9a53ab6334a3,38088c9a-a173-4d42-a335-13746677fb9d,,"No, I am in a quiet environment right now","Headphones / earphones / earbuds","Headphones (over-ear)","No, my headphones are not wired","Yes, I have stereo (two-eared) hearing",1,4,00:01:24.647000,"2026-07-27 10:23:26.636748",
10,1551fc02-61a9-4632-9967-1ca2647b4ccc,38088c9a-a173-4d42-a335-13746677fb9d,,"No, I am in a quiet environment right now","Headphones / earphones / earbuds","Headphones (over-ear)","Yes, my headphones are wired","Yes, I have stereo (two-eared) hearing",1,4,00:01:32.549000,"2026-07-27 10:55:05.391523",
11,ed0fd547-97d4-4c09-82c5-330a6f0b9c5f,38088c9a-a173-4d42-a335-13746677fb9d,,"No, I am in a quiet environment right now","Headphones / earphones / earbuds","Headphones (over-ear)","Yes, my headphones are wired","Yes, I have stereo (two-eared) hearing",1,4,00:01:48.742000,"2026-07-27 10:55:51.730310",
12,10064053-7bee-456f-95a0-7bbe16e535e5,38088c9a-a173-4d42-a335-13746677fb9d,,"No, I am in a quiet environment right now","Headphones / earphones / earbuds","Headphones (over-ear)","No, my headphones are not wired","Yes, I have stereo (two-eared) hearing",1,4,00:00:51.136000,"2026-08-10 12:12:07.395454",
13,92150d0c-93f3-4045-9ec4-44f1e0e73a85,38088c9a-a173-4d42-a335-13746677fb9d,,"No, I am in a quiet environment right now","Headphones / earphones / earbuds","Headphones (over-ear)","Yes, my headphones are wired","Yes, I have stereo (two-eared) hearing",0,3,00:01:18.361000,"2026-08-10 12:12:25.951807",
14,e926ac3e-24fa-46c1-b5bc-a274463b009e,38088c9a-a173-4d42-a335-13746677fb9d,,"No, I am in a quiet environment right now","Headphones / earphones / earbuds","Earphones (in-ear, with silicon seal)","No, my headphones are not wired","Yes, I have stereo (two-eared) hearing",1,4,00:01:32.577000,"2026-08-10 12:12:55.440305",
15,ed0fd547-97d4-4c09-82c5-330a6f0b9c5f,47a3ed5c-d5fd-477b-9789-996228707315,,"No, I am in a quiet environment right now","Headphones / earphones / earbuds","Headphones (over-ear)","No, my headphones are not wired","Yes, I have stereo (two-eared) hearing",1,4,00:01:53.873000,"2026-08-10 12:13:07.567250",
16,2fcd436b-a381-42a2-9392-8e52bd72a59e,38088c9a-a173-4d42-a335-13746677fb9d,,"No, I am in a quiet environment right now","Headphones / earphones / earbuds","Earbuds (no silicon seal)","No, my headphones are not wired","Yes, I have stereo (two-eared) hearing",1,4,00:02:22.334000,"2026-08-10 12:13:44.745392",
17,5784c6f1-44f7-40c1-a96b-f17c4656e064,38088c9a-a173-4d42-a335-13746677fb9d,,"No, I am in a quiet environment right now","Headphones / earphones / earbuds","Headphones (over-ear)","Yes, my headphones are wired","Yes, I have stereo (two-eared) hearing",1,4,00:01:41.176000,"2026-08-10 12:13:54.641380",
18,27ead293-241e-4018-acb8-d9dcf8b8ae58,38088c9a-a173-4d42-a335-13746677fb9d,,"No, I am in a quiet environment right now","Headphones / earphones / earbuds","Headphones (over-ear)","Yes, my headphones are wired","Yes, I have stereo (two-eared) hearing",1,4,00:02:21.850000,"2026-08-10 12:14:12.864430",
19,31917460-2cad-4724-abde-76c9ded9f3f7,38088c9a-a173-4d42-a335-13746677fb9d,,"No, I am in a quiet environment right now","Headphones / earphones / earbuds","Headphones (over-ear)","Yes, my headphones are wired","Yes, I have stereo (two-eared) hearing",0,1,00:03:21.054000,"2026-08-10 12:14:38.066598",
20,bb0d89ac-de34-4863-a6f9-ef6eedf92d0d,38088c9a-a173-4d42-a335-13746677fb9d,,"No, I am in a quiet environment right now","Headphones / earphones / earbuds","Headphones (over-ear)","No, my headphones are not wired","Yes, I have stereo (two-eared) hearing",0,2,00:02:42.555000,"2026-08-10 12:14:52.357903",
21,e736f597-8f1b-4f21-8455-c0afc1ae54f0,38088c9a-a173-4d42-a335-13746677fb9d,,"No, I am in a quiet environment right now","Headphones / earphones / earbuds","Earphones (in-ear, with silicon seal)","Yes, my headphones are wired","Yes, I have stereo (two-eared) hearing",0,3,00:02:12.983000,"2026-08-10 12:15:09.835628",
22,dcf9dee3-7d31-47cd-bf0f-009f313e7024,38088c9a-a173-4d42-a335-13746677fb9d,,"No, I am in a quiet environment right now","Headphones / earphones / earbuds","Headphones (over-ear)","No, my headphones are not wired","Yes, I have stereo (two-eared) hearing",0,1,00:02:12.954000,"2026-08-10 12:15:27.888456",
23,89711931-6e58-447d-b466-6d7477964b1d,38088c9a-a173-4d42-a335-13746677fb9d,,"No, I am in a quiet environment right now","Headphones / earphones / earbuds","Headphones (over-ear)","Yes, my headphones are wired","Yes, I have stereo (two-eared) hearing",0,2,00:02:26.354000,"2026-08-10 12:16:05.949815",
24,0d090d0d-be74-435d-a097-dd837bbcad6c,38088c9a-a173-4d42-a335-13746677fb9d,,"No, I am in a quiet environment right now","Headphones / earphones / earbuds","Earphones (in-ear, with silicon seal)","Yes, my headphones are wired","Yes, I have stereo (two-eared) hearing",1,4,00:01:19.935000,"2026-08-10 12:16:53.896865",
25,1366a030-968c-4b0d-ba7b-f384733716e8,38088c9a-a173-4d42-a335-13746677fb9d,,"No, I am in a quiet environment right now","Headphones / earphones / earbuds","Earphones (in-ear, with silicon seal)","Yes, my headphones are wired","Yes, I have stereo (two-eared) hearing",1,4,00:03:04.085000,"2026-08-10 12:18:03.549456",
26,6064fabe-9bb5-4633-9a2a-d3d75de479e1,38088c9a-a173-4d42-a335-13746677fb9d,,"No, I am in a quiet environment right now","Headphones / earphones / earbuds","Earphones (in-ear, with silicon seal)","Yes, my headphones are wired","Yes, I have stereo (two-eared) hearing",0,2,00:02:26.423000,"2026-08-10 12:19:00.511993",
27,f8d63f6b-79a9-418f-9590-970c2e2efcd7,38088c9a-a173-4d42-a335-13746677fb9d,,"No, I am in a quiet environment right now","Headphones / earphones / earbuds","Headphones (over-ear)","Yes, my headphones are wired","Yes, I have stereo (two-eared) hearing",1,4,00:01:30.400000,"2026-08-10 12:20:05.031433",
28,64e22839-7286-4a06-9456-927d4eaeaa95,38088c9a-a173-4d42-a335-13746677fb9d,,"No, I am in a quiet environment right now",Loudspeakers,"","","",1,4,00:01:24.095000,"2026-08-10 12:23:58.285600",
29,c9e86f33-2e02-4f41-bd54-08fe60c356d7,3df24621-77c5-4da1-88c3-3a23af5c5ad7,,"No, I am in a quiet environment right now","Headphones / earphones / earbuds","Earphones (in-ear, with silicon seal)","No, my headphones are not wired","Yes, I have stereo (two-eared) hearing",1,4,00:01:06.636000,"2026-08-10 12:57:19.820578",
30,52370db6-cc36-438f-9574-68d0e577d372,3df24621-77c5-4da1-88c3-3a23af5c5ad7,,"No, I am in a quiet environment right now","Headphones / earphones / earbuds","Earphones (in-ear, with silicon seal)","Yes, my headphones are wired","Yes, I have stereo (two-eared) hearing",1,4,00:01:30.955000,"2026-08-10 12:57:32.492017",
31,e5ee2985-649c-438a-8647-cc5501675674,3df24621-77c5-4da1-88c3-3a23af5c5ad7,,"No, I am in a quiet environment right now","Headphones / earphones / earbuds","Headphones (over-ear)","Yes, my headphones are wired","Yes, I have stereo (two-eared) hearing",0,3,00:01:32.980000,"2026-08-10 12:57:46.952324",
32,bb1dacfc-67e7-4ee5-9862-1649854bb9db,3df24621-77c5-4da1-88c3-3a23af5c5ad7,,"No, I am in a quiet environment right now","Laptop speakers","","","",1,4,00:02:03.300000,"2026-08-10 12:58:17.821801",
33,8eb94b0c-5154-45f6-8b08-82af6586be41,3df24621-77c5-4da1-88c3-3a23af5c5ad7,,"No, I am in a quiet environment right now","Laptop speakers","","","",0,1,00:01:46.512000,"2026-08-10 13:00:03.424164",
34,db1c9233-028d-44ff-a61e-1a03ed24e5f2,3df24621-77c5-4da1-88c3-3a23af5c5ad7,,"No, I am in a quiet environment right now","Headphones / earphones / earbuds","Headphones (over-ear)","No, my headphones are not wired","Yes, I have stereo (two-eared) hearing",1,4,00:02:41.483000,"2026-08-10 13:00:19.072586",
35,431bd26e-ea1f-4549-90c4-c59aa383cf69,3df24621-77c5-4da1-88c3-3a23af5c5ad7,,"No, I am in a quiet environment right now","Headphones / earphones / earbuds","Earbuds (no silicon seal)","Yes, my headphones are wired","Yes, I have stereo (two-eared) hearing",1,4,00:01:39.387000,"2026-08-10 13:00:21.404269",
36,714c43b5-9968-4dbc-8802-29f2640c832c,3df24621-77c5-4da1-88c3-3a23af5c5ad7,,"No, I am in a quiet environment right now","Headphones / earphones / earbuds","Headphones (over-ear)","Yes, my headphones are wired","Yes, I have stereo (two-eared) hearing",1,4,00:01:35.957000,"2026-08-10 13:01:57.993043",
37,b8bc9742-22fa-4452-8508-ea0c435e36a9,3df24621-77c5-4da1-88c3-3a23af5c5ad7,,"No, I am in a quiet environment right now","Headphones / earphones / earbuds","Headphones (over-ear)","Yes, my headphones are wired","Yes, I have stereo (two-eared) hearing",1,4,00:01:42.577000,"2026-08-10 13:05:15.918954",
38,70eb814f-dbad-40b7-8573-ef63f3edc478,3df24621-77c5-4da1-88c3-3a23af5c5ad7,,"No, I am in a quiet environment right now","Headphones / earphones / earbuds","Headphones (over-ear)","Yes, my headphones are wired","Yes, I have stereo (two-eared) hearing",0,3,00:06:07.817000,"2026-08-10 13:05:27.009506",
39,27ead293-241e-4018-acb8-d9dcf8b8ae58,47a3ed5c-d5fd-477b-9789-996228707315,,"No, I am in a quiet environment right now","Headphones / earphones / earbuds","Headphones (over-ear)","Yes, my headphones are wired","Yes, I have stereo (two-eared) hearing",1,4,00:00:56.527000,"2026-08-10 13:46:28.185130",
40,d6efd731-814a-465d-8248-2cdc76ade273,3df24621-77c5-4da1-88c3-3a23af5c5ad7,,"No, I am in a quiet environment right now","Headphones / earphones / earbuds","Earbuds (no silicon seal)","No, my headphones are not wired","Yes, I have stereo (two-eared) hearing",1,4,00:01:49.657000,"2026-08-10 13:58:00.844019",
41,b3684da2-86b0-40fd-8c34-5671a2264ee3,3df24621-77c5-4da1-88c3-3a23af5c5ad7,,"No, I am in a quiet environment right now","Headphones / earphones / earbuds","Headphones (over-ear)","No, my headphones are not wired","Yes, I have stereo (two-eared) hearing",1,4,00:01:00.571000,"2026-08-10 14:45:20.383253",
42,813e1ebc-037b-4f4d-83ba-d8ac19ed4649,3df24621-77c5-4da1-88c3-3a23af5c5ad7,,"No, I am in a quiet environment right now","Headphones / earphones / earbuds","Earphones (in-ear, with silicon seal)","Yes, my headphones are wired","Yes, I have stereo (two-eared) hearing",0,2,00:03:09.956000,"2026-08-10 14:55:58.399501",
43,2dfedf97-1322-499d-a00e-ef93639fa938,3df24621-77c5-4da1-88c3-3a23af5c5ad7,,"No, I am in a quiet environment right now","Headphones / earphones / earbuds","Headphones (over-ear)","Yes, my headphones are wired","Yes, I have stereo (two-eared) hearing",1,4,00:02:15.979000,"2026-08-10 14:57:41.305277",
44,3b60652e-a6a2-484e-9d7a-953a8b2ba9ff,3df24621-77c5-4da1-88c3-3a23af5c5ad7,,"No, I am in a quiet environment right now","Headphones / earphones / earbuds","Headphones (over-ear)","Yes, my headphones are wired","Yes, I have stereo (two-eared) hearing",0,1,00:01:43.982000,"2026-08-10 14:58:38.510770",
45,d1c73893-f979-4f4a-ae7d-3b3fbed40d3c,3df24621-77c5-4da1-88c3-3a23af5c5ad7,,"No, I am in a quiet environment right now",Loudspeakers,"","","",1,4,00:00:59.527000,"2026-08-10 15:01:44.991678",
46,86e1e085-6b19-4a61-95ff-25d96fddae40,3df24621-77c5-4da1-88c3-3a23af5c5ad7,,"No, I am in a quiet environment right now","Laptop speakers","","","",0,2,00:00:58.767000,"2026-08-10 15:01:53.489841",
47,d8c22be3-47c9-4623-92fd-23d90d12e5c9,3df24621-77c5-4da1-88c3-3a23af5c5ad7,,"No, I am in a quiet environment right now","Headphones / earphones / earbuds","Headphones (over-ear)","Yes, my headphones are wired","Yes, I have stereo (two-eared) hearing",1,4,00:01:21.568000,"2026-08-10 15:02:08.765031",
48,fa255d63-0247-4f98-b9cc-c242cc000956,3df24621-77c5-4da1-88c3-3a23af5c5ad7,,"No, I am in a quiet environment right now","Headphones / earphones / earbuds","Headphones (over-ear)","Yes, my headphones are wired","Yes, I have stereo (two-eared) hearing",1,4,00:01:20.199000,"2026-08-10 15:02:27.816114",
49,b8b09e53-7ee2-4f43-b216-06ef3190bf8a,3df24621-77c5-4da1-88c3-3a23af5c5ad7,,"No, I am in a quiet environment right now",Loudspeakers,"","","",1,4,00:01:59.075000,"2026-08-10 15:02:52.671135",
50,4eeb30e1-c5e8-45b0-8dc9-e75ec24d5146,3df24621-77c5-4da1-88c3-3a23af5c5ad7,,"No, I am in a quiet environment right now","Headphones / earphones / earbuds","Earphones (in-ear, with silicon seal)","No, my headphones are not wired","Yes, I have stereo (two-eared) hearing",0,2,00:01:00.679000,"2026-08-10 15:03:34.509297",
51,f9991d4e-8ccf-41bf-9447-4ab5f8c77186,3df24621-77c5-4da1-88c3-3a23af5c5ad7,,"No, I am in a quiet environment right now","Headphones / earphones / earbuds","Headphones (over-ear)","Yes, my headphones are wired","Yes, I have stereo (two-eared) hearing",1,4,00:01:07.505000,"2026-08-10 15:03:43.593753",
52,caddd5d5-8bc0-4b05-81e3-1ef4b3e1daa3,3df24621-77c5-4da1-88c3-3a23af5c5ad7,,"No, I am in a quiet environment right now","Headphones / earphones / earbuds","Headphones (over-ear)","No, my headphones are not wired","Yes, I have stereo (two-eared) hearing",1,4,00:02:38.364000,"2026-08-10 15:03:44.822419",
53,a8093964-f4c6-47ab-8ef1-e5ca3f7a7ece,3df24621-77c5-4da1-88c3-3a23af5c5ad7,,"No, I am in a quiet environment right now","Headphones / earphones / earbuds","Headphones (over-ear)","No, my headphones are not wired","No, I do not have stereo (two-eared) hearing",1,4,00:02:52.562000,"2026-08-10 15:03:56.908686",
54,fce16e86-82c7-43fe-ba38-bc3809a17ad1,3df24621-77c5-4da1-88c3-3a23af5c5ad7,,"No, I am in a quiet environment right now","Headphones / earphones / earbuds","Headphones (over-ear)","No, my headphones are not wired","Yes, I have stereo (two-eared) hearing",0,3,00:01:55.751000,"2026-08-10 15:04:56.856110",
55,4e2f6449-5cec-440a-ba57-a729116b8d9a,3df24621-77c5-4da1-88c3-3a23af5c5ad7,,"No, I am in a quiet environment right now","Laptop speakers","","","",0,1,00:02:09.214000,"2026-08-10 15:05:04.539920",
56,83723caf-eec1-4025-8d3d-0bcfe1c7e3e4,3df24621-77c5-4da1-88c3-3a23af5c5ad7,,"No, I am in a quiet environment right now","Headphones / earphones / earbuds","Earphones (in-ear, with silicon seal)","Yes, my headphones are wired","Yes, I have stereo (two-eared) hearing",0,1,00:03:02.460000,"2026-08-10 15:05:13.005943",
57,b4d00fa4-1989-4bc3-bd6d-a8fafdde63d0,3df24621-77c5-4da1-88c3-3a23af5c5ad7,,"No, I am in a quiet environment right now","Headphones / earphones / earbuds","Earphones (in-ear, with silicon seal)","Yes, my headphones are wired","Yes, I have stereo (two-eared) hearing",1,4,00:01:03.710000,"2026-08-10 15:05:18.173517",
58,4a03d9db-5b16-48ab-9db4-1f3f70b18293,3df24621-77c5-4da1-88c3-3a23af5c5ad7,,"No, I am in a quiet environment right now","Headphones / earphones / earbuds","Headphones (over-ear)","Yes, my headphones are wired","Yes, I have stereo (two-eared) hearing",1,4,00:01:18.851000,"2026-08-10 15:07:34.598194",
59,de5b9481-e09b-4f12-aa2c-9ae286dde416,3df24621-77c5-4da1-88c3-3a23af5c5ad7,,"No, I am in a quiet environment right now","Headphones / earphones / earbuds","Earphones (in-ear, with silicon seal)","Yes, my headphones are wired","Yes, I have stereo (two-eared) hearing",0,3,00:05:06.740000,"2026-08-10 15:07:46.029491",
60,5743aa4c-e9e0-42b4-8349-ae2c2b48c8b9,3df24621-77c5-4da1-88c3-3a23af5c5ad7,,"No, I am in a quiet environment right now","Headphones / earphones / earbuds","Headphones (over-ear)","Yes, my headphones are wired","Yes, I have stereo (two-eared) hearing",1,4,00:03:15.129000,"2026-08-10 15:07:47.059674",
61,6b4daa0c-cd4a-4eef-8e08-40957371febb,3df24621-77c5-4da1-88c3-3a23af5c5ad7,,"No, I am in a quiet environment right now","Headphones / earphones / earbuds","Headphones (over-ear)","Yes, my headphones are wired","Yes, I have stereo (two-eared) hearing",1,4,00:01:04.062000,"2026-08-10 15:07:50.921316",
62,44ede870-070f-477b-8293-806bb798f5d4,3df24621-77c5-4da1-88c3-3a23af5c5ad7,,"No, I am in a quiet environment right now","Headphones / earphones / earbuds","Headphones (over-ear)","Yes, my headphones are wired","Yes, I have stereo (two-eared) hearing",0,0,00:01:56.789000,"2026-08-10 15:08:26.468698",
63,aacfbf83-60ec-4817-aecd-b731847992e7,3df24621-77c5-4da1-88c3-3a23af5c5ad7,,"No, I am in a quiet environment right now","Headphones / earphones / earbuds","Earbuds (no silicon seal)","No, my headphones are not wired","Yes, I have stereo (two-eared) hearing",1,4,00:01:45.367000,"2026-08-10 15:08:30.888381",
64,0807f290-61e6-4e80-934c-014880a1de80,3df24621-77c5-4da1-88c3-3a23af5c5ad7,,"No, I am in a quiet environment right now","Headphones / earphones / earbuds","Earbuds (no silicon seal)","Yes, my headphones are wired","Yes, I have stereo (two-eared) hearing",1,4,00:01:30.096000,"2026-08-10 15:08:36.434387",
65,e1fe193f-fbfb-4b7f-899b-1fd5b8665100,3df24621-77c5-4da1-88c3-3a23af5c5ad7,,"No, I am in a quiet environment right now","Laptop speakers","","","",0,0,00:01:38.915000,"2026-08-10 15:08:40.674493",
66,83371d68-d13b-4a5e-9788-3047a85f962d,3df24621-77c5-4da1-88c3-3a23af5c5ad7,,"No, I am in a quiet environment right now","Headphones / earphones / earbuds","Headphones (over-ear)","Yes, my headphones are wired","Yes, I have stereo (two-eared) hearing",0,1,00:01:30.255000,"2026-08-10 15:08:41.179342",
67,490ec39e-219e-42d9-adba-14ca9f161985,3df24621-77c5-4da1-88c3-3a23af5c5ad7,,"No, I am in a quiet environment right now","Headphones / earphones / earbuds","Earphones (in-ear, with silicon seal)","Yes, my headphones are wired","Yes, I have stereo (two-eared) hearing",1,4,00:01:11.682000,"2026-08-10 15:08:45.512937",
68,f9899d35-efea-4149-b9c9-1503dd883c06,3df24621-77c5-4da1-88c3-3a23af5c5ad7,,"No, I am in a quiet environment right now","Headphones / earphones / earbuds","Headphones (over-ear)","No, my headphones are not wired","Yes, I have stereo (two-eared) hearing",1,4,00:00:54.386000,"2026-08-10 15:08:50.020586",
69,308ea246-0e62-4dcf-8acf-6b3da327619c,3df24621-77c5-4da1-88c3-3a23af5c5ad7,,"No, I am in a quiet environment right now","Laptop speakers","","","",0,1,00:02:35.432000,"2026-08-10 15:08:51.511771",
70,be2ae2c7-c950-475b-ae3e-9f25834fceae,3df24621-77c5-4da1-88c3-3a23af5c5ad7,,"No, I am in a quiet environment right now","Headphones / earphones / earbuds","Headphones (over-ear)","No, my headphones are not wired","Yes, I have stereo (two-eared) hearing",1,4,00:02:22.328000,"2026-08-10 15:09:31.157992",
71,eb7f8be9-40fe-4d3b-97dd-ae7d4674f219,3df24621-77c5-4da1-88c3-3a23af5c5ad7,,"No, I am in a quiet environment right now","Headphones / earphones / earbuds","Headphones (over-ear)","Yes, my headphones are wired","Yes, I have stereo (two-eared) hearing",1,4,00:02:30.674000,"2026-08-10 15:09:36.394212",
72,931e5001-9192-4927-a873-c62b762583cb,3df24621-77c5-4da1-88c3-3a23af5c5ad7,,"No, I am in a quiet environment right now","Headphones / earphones / earbuds","Earbuds (no silicon seal)","Yes, my headphones are wired","Yes, I have stereo (two-eared) hearing",1,4,00:01:46.991000,"2026-08-10 15:09:47.810598",
73,4dfd40f3-3ae2-4e26-b3ec-7ff26574ed67,3df24621-77c5-4da1-88c3-3a23af5c5ad7,,"No, I am in a quiet environment right now","Headphones / earphones / earbuds","Earphones (in-ear, with silicon seal)","Yes, my headphones are wired","Yes, I have stereo (two-eared) hearing",1,4,00:01:33.382000,"2026-08-10 15:09:52.692779",
74,d8250051-228a-4409-a726-3621fd666683,3df24621-77c5-4da1-88c3-3a23af5c5ad7,,"No, I am in a quiet environment right now","Headphones / earphones / earbuds","Earphones (in-ear, with silicon seal)","No, my headphones are not wired","Yes, I have stereo (two-eared) hearing",1,4,00:03:27.056000,"2026-08-10 15:10:02.480743",
75,491c554a-433b-48e6-9048-8c0651f79cec,3df24621-77c5-4da1-88c3-3a23af5c5ad7,,"No, I am in a quiet environment right now","Headphones / earphones / earbuds","Earphones (in-ear, with silicon seal)","No, my headphones are not wired","Yes, I have stereo (two-eared) hearing",1,4,00:00:59.075000,"2026-08-10 15:10:36.684238",
76,b52b24a8-6852-4bc8-9caf-ecaae7df0e23,3df24621-77c5-4da1-88c3-3a23af5c5ad7,,"No, I am in a quiet environment right now","Headphones / earphones / earbuds","Headphones (over-ear)","Yes, my headphones are wired","Yes, I have stereo (two-eared) hearing",1,4,00:01:17.276000,"2026-08-10 15:10:51.294425",
77,dcaeb1ee-6db4-41a3-b37e-cb603b21d85e,3df24621-77c5-4da1-88c3-3a23af5c5ad7,,"No, I am in a quiet environment right now","Headphones / earphones / earbuds","Earbuds (no silicon seal)","No, my headphones are not wired","Yes, I have stereo (two-eared) hearing",0,1,00:02:44.349000,"2026-08-10 15:11:03.334288",
78,487c420b-5403-49d8-aae0-c52ddd6e3cce,3df24621-77c5-4da1-88c3-3a23af5c5ad7,,"No, I am in a quiet environment right now","Headphones / earphones / earbuds","Earphones (in-ear, with silicon seal)","No, my headphones are not wired","Yes, I have stereo (two-eared) hearing",1,4,00:04:22.069000,"2026-08-10 15:11:15.158453",
79,bcf46f23-2c12-420f-b314-2d538485a7db,3df24621-77c5-4da1-88c3-3a23af5c5ad7,,"No, I am in a quiet environment right now","Headphones / earphones / earbuds","Earphones (in-ear, with silicon seal)","No, my headphones are not wired","Yes, I have stereo (two-eared) hearing",1,4,00:01:38.770000,"2026-08-10 15:11:18.413878",
80,b16191df-4a53-47aa-9726-f857ef22febc,3df24621-77c5-4da1-88c3-3a23af5c5ad7,,"No, I am in a quiet environment right now","Headphones / earphones / earbuds","Headphones (over-ear)","Yes, my headphones are wired","Yes, I have stereo (two-eared) hearing",0,0,00:02:20.000000,"2026-08-10 15:11:20.614436",
81,d13f7c59-51ec-4e05-8d3d-6970170936a4,3df24621-77c5-4da1-88c3-3a23af5c5ad7,,"No, I am in a quiet environment right now","Headphones / earphones / earbuds","Earphones (in-ear, with silicon seal)","Yes, my headphones are wired","Yes, I have stereo (two-eared) hearing",1,4,00:01:59.852000,"2026-08-10 15:11:22.470541",
82,bd614f7c-50e7-46a8-8221-47f46284aa5c,3df24621-77c5-4da1-88c3-3a23af5c5ad7,,"No, I am in a quiet environment right now","Headphones / earphones / earbuds","Earbuds (no silicon seal)","No, my headphones are not wired","Yes, I have stereo (two-eared) hearing",1,4,00:01:54.177000,"2026-08-10 15:11:51.958264",
83,d5c64303-2419-4033-baf5-121fff47f2f1,3df24621-77c5-4da1-88c3-3a23af5c5ad7,,"No, I am in a quiet environment right now","Laptop speakers","","","",0,1,00:02:27.821000,"2026-08-10 15:12:04.444766",
84,ef85a4af-1b09-43a8-9daa-8478058b5e67,3df24621-77c5-4da1-88c3-3a23af5c5ad7,,"No, I am in a quiet environment right now","Headphones / earphones / earbuds","Headphones (over-ear)","No, my headphones are not wired","Yes, I have stereo (two-eared) hearing",0,1,00:05:32.400000,"2026-08-10 15:12:15.851870",
85,6f14b337-bd32-4177-881c-260c2c6fd602,3df24621-77c5-4da1-88c3-3a23af5c5ad7,,"No, I am in a quiet environment right now","Headphones / earphones / earbuds","Headphones (over-ear)","Yes, my headphones are wired","Yes, I have stereo (two-eared) hearing",0,1,00:04:37.401000,"2026-08-10 15:13:10.728571",
86,0d318d00-95e0-414d-9083-74e16aba69ab,3df24621-77c5-4da1-88c3-3a23af5c5ad7,,"No, I am in a quiet environment right now","Headphones / earphones / earbuds","Earphones (in-ear, with silicon seal)","No, my headphones are not wired","Yes, I have stereo (two-eared) hearing",1,4,00:05:27.186000,"2026-08-10 15:13:21.252654",
87,8bc7671f-2e21-48c4-ad71-68fdf61f2239,3df24621-77c5-4da1-88c3-3a23af5c5ad7,,"No, I am in a quiet environment right now","Headphones / earphones / earbuds","Headphones (over-ear)","No, my headphones are not wired","Yes, I have stereo (two-eared) hearing",0,1,00:07:23.893000,"2026-08-10 15:15:28.841938",
88,4dae4272-af2b-46b3-8a19-9a161689c2b1,3df24621-77c5-4da1-88c3-3a23af5c5ad7,,"No, I am in a quiet environment right now","Headphones / earphones / earbuds","Earphones (in-ear, with silicon seal)","No, my headphones are not wired","Yes, I have stereo (two-eared) hearing",0,2,00:04:18.239000,"2026-08-10 15:16:31.965522",
89,d52a8b43-3bef-44ca-9f39-7a0c3da29979,3df24621-77c5-4da1-88c3-3a23af5c5ad7,,"No, I am in a quiet environment right now","Headphones / earphones / earbuds","Headphones (over-ear)","Yes, my headphones are wired","Yes, I have stereo (two-eared) hearing",1,4,00:01:22.010000,"2026-08-10 15:17:36.429045",
90,146a560d-540e-4a2e-9b78-3958268b01bb,3df24621-77c5-4da1-88c3-3a23af5c5ad7,,"No, I am in a quiet environment right now","Headphones / earphones / earbuds","Earbuds (no silicon seal)","Yes, my headphones are wired","Yes, I have stereo (two-eared) hearing",1,4,00:01:32.438000,"2026-08-10 15:18:43.748830",
91,7fbd153d-5330-4300-8bd3-a6d161721845,3df24621-77c5-4da1-88c3-3a23af5c5ad7,,"No, I am in a quiet environment right now","Headphones / earphones / earbuds","Headphones (over-ear)","Yes, my headphones are wired","Yes, I have stereo (two-eared) hearing",1,4,00:02:05.485000,"2026-08-10 15:19:07.582757",
92,20463f1d-1778-4e17-b499-e9838e1e1328,3df24621-77c5-4da1-88c3-3a23af5c5ad7,,"No, I am in a quiet environment right now","Headphones / earphones / earbuds","Earphones (in-ear, with silicon seal)","Yes, my headphones are wired","Yes, I have stereo (two-eared) hearing",1,4,00:01:52.854000,"2026-08-10 15:45:47.908799",
93,5ac84a10-1e53-4708-a17f-4ad0aff81de1,3df24621-77c5-4da1-88c3-3a23af5c5ad7,,"Yes, I am in a distractive environment right now","Laptop speakers","","","",0,0,00:00:58.459000,"2026-08-10 15:54:28.121428",
94,67182a13-9f01-4a87-9af0-69008d8e8f0f,3df24621-77c5-4da1-88c3-3a23af5c5ad7,,"No, I am in a quiet environment right now","Headphones / earphones / earbuds","Earphones (in-ear, with silicon seal)","No, my headphones are not wired","Yes, I have stereo (two-eared) hearing",0,3,00:02:26.849000,"2026-08-10 15:56:03.978281",
95,d6efd731-814a-465d-8248-2cdc76ade273,47a3ed5c-d5fd-477b-9789-996228707315,,"No, I am in a quiet environment right now","Headphones / earphones / earbuds","Earbuds (no silicon seal)","No, my headphones are not wired","Yes, I have stereo (two-eared) hearing",1,4,00:00:55.886000,"2026-08-10 15:57:54.309980",
96,9e6c437a-3569-42e0-981d-985899738f79,3df24621-77c5-4da1-88c3-3a23af5c5ad7,,"No, I am in a quiet environment right now","Headphones / earphones / earbuds","Earbuds (no silicon seal)","Yes, my headphones are wired","Yes, I have stereo (two-eared) hearing",1,4,00:01:32.410000,"2026-08-10 16:11:23.963478",
97,3c694bf7-0d00-400c-a59b-feac58761a36,3df24621-77c5-4da1-88c3-3a23af5c5ad7,,"No, I am in a quiet environment right now","Headphones / earphones / earbuds","Headphones (over-ear)","Yes, my headphones are wired","Yes, I have stereo (two-eared) hearing",0,3,00:01:30.685000,"2026-08-10 16:13:07.391769",
98,9d4f8692-973a-4513-bb80-3b97dc375a98,3df24621-77c5-4da1-88c3-3a23af5c5ad7,,"No, I am in a quiet environment right now","Headphones / earphones / earbuds","Headphones (over-ear)","Yes, my headphones are wired","Yes, I have stereo (two-eared) hearing",1,4,00:01:08.659000,"2026-08-10 16:17:10.429624",
99,931e5001-9192-4927-a873-c62b762583cb,47a3ed5c-d5fd-477b-9789-996228707315,,"No, I am in a quiet environment right now","Headphones / earphones / earbuds","Earphones (in-ear, with silicon seal)","Yes, my headphones are wired","Yes, I have stereo (two-eared) hearing",0,3,00:01:04.016000,"2026-08-10 16:17:43.813499",
100,d52a8b43-3bef-44ca-9f39-7a0c3da29979,47a3ed5c-d5fd-477b-9789-996228707315,,"No, I am in a quiet environment right now","Headphones / earphones / earbuds","Headphones (over-ear)","Yes, my headphones are wired","Yes, I have stereo (two-eared) hearing",1,4,00:00:57.541000,"2026-08-10 16:20:09.009974",
101,6b4daa0c-cd4a-4eef-8e08-40957371febb,47a3ed5c-d5fd-477b-9789-996228707315,,"No, I am in a quiet environment right now","Headphones / earphones / earbuds","Headphones (over-ear)","Yes, my headphones are wired","Yes, I have stereo (two-eared) hearing",1,4,00:00:57.003000,"2026-08-10 16:25:21.581066",
102,5707c2e1-98a8-49fd-9af0-39e1a8e4f086,3df24621-77c5-4da1-88c3-3a23af5c5ad7,,"No, I am in a quiet environment right now","Headphones / earphones / earbuds","Headphones (over-ear)","Yes, my headphones are wired","Yes, I have stereo (two-eared) hearing",1,4,00:01:49.512000,"2026-08-10 16:28:19.965668",
103,0d318d00-95e0-414d-9083-74e16aba69ab,47a3ed5c-d5fd-477b-9789-996228707315,,"No, I am in a quiet environment right now","Headphones / earphones / earbuds","Earphones (in-ear, with silicon seal)","No, my headphones are not wired","Yes, I have stereo (two-eared) hearing",1,4,00:01:07.984000,"2026-08-10 17:11:12.830305",
104,1551fc02-61a9-4632-9967-1ca2647b4ccc,47a3ed5c-d5fd-477b-9789-996228707315,,"No, I am in a quiet environment right now","Headphones / earphones / earbuds","Headphones (over-ear)","Yes, my headphones are wired","Yes, I have stereo (two-eared) hearing",1,4,00:00:55.038000,"2026-08-10 17:25:19.473897",
105,281bce7a-8513-4509-9af8-aa1c811ddf45,3df24621-77c5-4da1-88c3-3a23af5c5ad7,,"No, I am in a quiet environment right now","Headphones / earphones / earbuds","Earphones (in-ear, with silicon seal)","Yes, my headphones are wired","Yes, I have stereo (two-eared) hearing",0,3,00:01:54.051000,"2026-08-10 17:35:40.538992",
106,5a3f1ab5-6c86-416c-92c9-8d4b74a1af08,3df24621-77c5-4da1-88c3-3a23af5c5ad7,,"No, I am in a quiet environment right now","Headphones / earphones / earbuds","Headphones (over-ear)","Yes, my headphones are wired","Yes, I have stereo (two-eared) hearing",1,4,00:01:22.408000,"2026-08-10 17:59:20.947231",
107,d447ed63-91a9-4410-88ce-a0e8e6a85301,3df24621-77c5-4da1-88c3-3a23af5c5ad7,,"No, I am in a quiet environment right now","Headphones / earphones / earbuds","Headphones (over-ear)","Yes, my headphones are wired","Yes, I have stereo (two-eared) hearing",1,4,00:00:57.194000,"2026-08-10 18:18:14.173590",
108,5743aa4c-e9e0-42b4-8349-ae2c2b48c8b9,47a3ed5c-d5fd-477b-9789-996228707315,,"No, I am in a quiet environment right now","Headphones / earphones / earbuds","Headphones (over-ear)","Yes, my headphones are wired","Yes, I have stereo (two-eared) hearing",0,2,00:02:15.355000,"2026-08-10 18:19:22.493227",
109,5707c2e1-98a8-49fd-9af0-39e1a8e4f086,47a3ed5c-d5fd-477b-9789-996228707315,,"No, I am in a quiet environment right now","Headphones / earphones / earbuds","Headphones (over-ear)","Yes, my headphones are wired","Yes, I have stereo (two-eared) hearing",1,4,00:00:57.981000,"2026-08-10 18:31:25.944804",
110,2b9e3eb3-8c0c-42b3-ba05-3686196eb212,3df24621-77c5-4da1-88c3-3a23af5c5ad7,,"No, I am in a quiet environment right now","Headphones / earphones / earbuds","Earphones (in-ear, with silicon seal)","Yes, my headphones are wired","Yes, I have stereo (two-eared) hearing",1,4,00:01:23.418000,"2026-08-10 19:04:43.485306",
111,2a8de9e6-376c-4be3-8f11-900b546528b1,3df24621-77c5-4da1-88c3-3a23af5c5ad7,,"No, I am in a quiet environment right now",Loudspeakers,"","","",0,3,00:01:01.451000,"2026-08-10 19:04:54.450148",
112,84fdde06-f2d0-4243-9a03-284751288d68,3df24621-77c5-4da1-88c3-3a23af5c5ad7,,"No, I am in a quiet environment right now","Headphones / earphones / earbuds","Earphones (in-ear, with silicon seal)","Yes, my headphones are wired","Yes, I have stereo (two-eared) hearing",1,4,00:01:24.468000,"2026-08-10 19:05:14.425190",
113,4c163db7-602e-4066-96a3-8fab3af66548,3df24621-77c5-4da1-88c3-3a23af5c5ad7,,"No, I am in a quiet environment right now","Headphones / earphones / earbuds","Headphones (over-ear)","Yes, my headphones are wired","Yes, I have stereo (two-eared) hearing",0,3,00:01:14.752000,"2026-08-10 19:05:31.884529",
114,8eb8d38d-6b42-4827-bcb9-927d7c67fdaf,3df24621-77c5-4da1-88c3-3a23af5c5ad7,,"No, I am in a quiet environment right now","Headphones / earphones / earbuds","Headphones (over-ear)","Yes, my headphones are wired","Yes, I have stereo (two-eared) hearing",1,4,00:01:19.992000,"2026-08-10 19:05:39.782705",
115,37193ee5-0384-4449-8441-6c5ebc2d3c0d,3df24621-77c5-4da1-88c3-3a23af5c5ad7,,"No, I am in a quiet environment right now","Headphones / earphones / earbuds","Headphones (over-ear)","No, my headphones are not wired","Yes, I have stereo (two-eared) hearing",0,3,00:01:24.836000,"2026-08-10 19:05:45.169402",
116,17f166c7-ad5d-4189-939d-1c4f2891373c,3df24621-77c5-4da1-88c3-3a23af5c5ad7,,"No, I am in a quiet environment right now","Headphones / earphones / earbuds","Headphones (over-ear)","Yes, my headphones are wired","Yes, I have stereo (two-eared) hearing",1,4,00:01:07.459000,"2026-08-10 19:05:48.485594",
117,7e0152af-9db8-49b3-b3e5-fac41998ffec,3df24621-77c5-4da1-88c3-3a23af5c5ad7,,"No, I am in a quiet environment right now","Headphones / earphones / earbuds","Headphones (over-ear)","Yes, my headphones are wired","Yes, I have stereo (two-eared) hearing",1,4,00:01:19.551000,"2026-08-10 19:06:01.835532",
118,612b143f-f729-47a1-ad73-3181b04a34b5,3df24621-77c5-4da1-88c3-3a23af5c5ad7,,"No, I am in a quiet environment right now","Headphones / earphones / earbuds","Earphones (in-ear, with silicon seal)","Yes, my headphones are wired","Yes, I have stereo (two-eared) hearing",1,4,00:01:26.974000,"2026-08-10 19:06:02.963599",
119,c425c4c4-8d26-4b36-bba0-ff3ce0139641,3df24621-77c5-4da1-88c3-3a23af5c5ad7,,"No, I am in a quiet environment right now","Headphones / earphones / earbuds","Headphones (over-ear)","No, my headphones are not wired","Yes, I have stereo (two-eared) hearing",1,4,00:01:01.745000,"2026-08-10 19:06:06.136869",
120,d787a4fc-434c-43b5-853f-f03a8a10d1f4,3df24621-77c5-4da1-88c3-3a23af5c5ad7,,"No, I am in a quiet environment right now","Headphones / earphones / earbuds","Headphones (over-ear)","Yes, my headphones are wired","Yes, I have stereo (two-eared) hearing",1,4,00:01:21.637000,"2026-08-10 19:06:13.731700",
121,98d570c8-9010-489f-a406-95d75acc8e42,3df24621-77c5-4da1-88c3-3a23af5c5ad7,,"No, I am in a quiet environment right now","Headphones / earphones / earbuds","Earbuds (no silicon seal)","Yes, my headphones are wired","Yes, I have stereo (two-eared) hearing",1,4,00:02:11.682000,"2026-08-10 19:06:39.441297",
122,d43ed3ec-b54e-48e1-adf8-f872e1e63368,3df24621-77c5-4da1-88c3-3a23af5c5ad7,,"No, I am in a quiet environment right now","Headphones / earphones / earbuds","Headphones (over-ear)","No, my headphones are not wired","Yes, I have stereo (two-eared) hearing",1,4,00:02:05.928000,"2026-08-10 19:06:51.528661",
123,2ee7818f-711d-4b56-b7e4-7c1c58c8d41f,3df24621-77c5-4da1-88c3-3a23af5c5ad7,,"No, I am in a quiet environment right now","Headphones / earphones / earbuds","Headphones (over-ear)","No, my headphones are not wired","Yes, I have stereo (two-eared) hearing",1,4,00:02:19.428000,"2026-08-10 19:06:52.602211",
124,9b73fc2f-ad4c-4028-b2f7-32342451cbb2,3df24621-77c5-4da1-88c3-3a23af5c5ad7,,"No, I am in a quiet environment right now","Headphones / earphones / earbuds","Headphones (over-ear)","Yes, my headphones are wired","Yes, I have stereo (two-eared) hearing",1,4,00:01:59.645000,"2026-08-10 19:07:01.894992",
125,11197d2a-f840-4645-9876-ca7c670c6ffb,3df24621-77c5-4da1-88c3-3a23af5c5ad7,,"No, I am in a quiet environment right now","Headphones / earphones / earbuds","Earphones (in-ear, with silicon seal)","Yes, my headphones are wired","Yes, I have stereo (two-eared) hearing",1,4,00:01:11.880000,"2026-08-10 19:07:19.215725",
126,9cdc9245-aec1-48af-82f3-52c820b8e0cf,3df24621-77c5-4da1-88c3-3a23af5c5ad7,,"No, I am in a quiet environment right now","Headphones / earphones / earbuds","Earphones (in-ear, with silicon seal)","No, my headphones are not wired","Yes, I have stereo (two-eared) hearing",1,4,00:02:05.388000,"2026-08-10 19:07:20.567562",
127,3f1d69cf-72cc-4baa-b5c2-86b683b5b111,3df24621-77c5-4da1-88c3-3a23af5c5ad7,,"No, I am in a quiet environment right now","Headphones / earphones / earbuds","Earphones (in-ear, with silicon seal)","Yes, my headphones are wired","Yes, I have stereo (two-eared) hearing",1,4,00:00:59.667000,"2026-08-10 19:07:39.282834",
128,3b3e37be-8f8a-4668-af55-10228e6c36ed,3df24621-77c5-4da1-88c3-3a23af5c5ad7,,"No, I am in a quiet environment right now","Headphones / earphones / earbuds","Headphones (over-ear)","Yes, my headphones are wired","Yes, I have stereo (two-eared) hearing",1,4,00:01:30.396000,"2026-08-10 19:07:57.326537",
129,e7cf95e5-3dec-45e2-8936-7fd1cdadf0bc,3df24621-77c5-4da1-88c3-3a23af5c5ad7,,"No, I am in a quiet environment right now","Headphones / earphones / earbuds","Headphones (over-ear)","Yes, my headphones are wired","Yes, I have stereo (two-eared) hearing",1,4,00:01:51.439000,"2026-08-10 19:07:58.427747",
130,affa52c5-f595-41b4-afc3-00b3f9c0eab5,3df24621-77c5-4da1-88c3-3a23af5c5ad7,,"No, I am in a quiet environment right now","Headphones / earphones / earbuds","Earphones (in-ear, with silicon seal)","Yes, my headphones are wired","Yes, I have stereo (two-eared) hearing",1,4,00:01:21.428000,"2026-08-10 19:08:15.045629",
131,e48d56c9-29e0-422a-9b8a-d383faafefb0,3df24621-77c5-4da1-88c3-3a23af5c5ad7,,"Yes, I am in a distractive environment right now","Headphones / earphones / earbuds","Headphones (over-ear)","Yes, my headphones are wired","Yes, I have stereo (two-eared) hearing",1,4,00:01:49.051000,"2026-08-10 19:08:16.924328",
132,0ea3a113-54e4-4350-9e63-0e08093742a9,3df24621-77c5-4da1-88c3-3a23af5c5ad7,,"No, I am in a quiet environment right now","Headphones / earphones / earbuds","Headphones (over-ear)","Yes, my headphones are wired","Yes, I have stereo (two-eared) hearing",1,4,00:01:36.405000,"2026-08-10 19:08:42.348975",
133,f16cabe8-8de9-49a8-8994-960a0807e310,3df24621-77c5-4da1-88c3-3a23af5c5ad7,,"No, I am in a quiet environment right now","Headphones / earphones / earbuds","Headphones (over-ear)","No, my headphones are not wired","Yes, I have stereo (two-eared) hearing",0,1,00:03:23.538000,"2026-08-10 19:08:54.698362",
134,84524269-83fe-4bab-96d4-f78fb5e1332d,3df24621-77c5-4da1-88c3-3a23af5c5ad7,,"No, I am in a quiet environment right now","Headphones / earphones / earbuds","Earphones (in-ear, with silicon seal)","Yes, my headphones are wired","Yes, I have stereo (two-eared) hearing",1,4,00:03:08.159000,"2026-08-10 19:09:01.034717",
135,3dc3005e-a12a-4d04-9841-c95d706e292d,3df24621-77c5-4da1-88c3-3a23af5c5ad7,,"No, I am in a quiet environment right now","Headphones / earphones / earbuds","Earphones (in-ear, with silicon seal)","Yes, my headphones are wired","Yes, I have stereo (two-eared) hearing",0,0,00:01:38.832000,"2026-08-10 19:09:09.065508",
136,44baf719-a929-479c-a5e0-6cc457960379,3df24621-77c5-4da1-88c3-3a23af5c5ad7,,"No, I am in a quiet environment right now","Headphones / earphones / earbuds","Headphones (over-ear)","Yes, my headphones are wired","Yes, I have stereo (two-eared) hearing",0,3,00:01:28.457000,"2026-08-10 19:09:37.359451",
137,564f08df-e39a-4f5a-8fa7-7f647eb81c8b,3df24621-77c5-4da1-88c3-3a23af5c5ad7,,"No, I am in a quiet environment right now","Headphones / earphones / earbuds","Headphones (over-ear)","Yes, my headphones are wired","Yes, I have stereo (two-eared) hearing",1,4,00:02:19.884000,"2026-08-10 19:10:16.180902",
138,07e5e501-8706-417a-912d-6050cd89172f,3df24621-77c5-4da1-88c3-3a23af5c5ad7,,"No, I am in a quiet environment right now","Headphones / earphones / earbuds","Earbuds (no silicon seal)","No, my headphones are not wired","Yes, I have stereo (two-eared) hearing",1,4,00:02:06.454000,"2026-08-10 19:10:17.342351",
139,233f28d0-e8fa-4b4f-a16c-68a48b2436da,3df24621-77c5-4da1-88c3-3a23af5c5ad7,,"No, I am in a quiet environment right now","Headphones / earphones / earbuds","Earphones (in-ear, with silicon seal)","No, my headphones are not wired","Yes, I have stereo (two-eared) hearing",1,4,00:01:28.848000,"2026-08-10 19:10:29.858276",
140,1b47bbff-5854-43ff-a296-e7fea9c45279,3df24621-77c5-4da1-88c3-3a23af5c5ad7,,"No, I am in a quiet environment right now","Headphones / earphones / earbuds","Earphones (in-ear, with silicon seal)","Yes, my headphones are wired","No, I do not have stereo (two-eared) hearing",0,2,00:02:10.830000,"2026-08-10 19:10:38.575043",
141,b76daa41-5e5b-4512-9e8e-37ff708b43fd,3df24621-77c5-4da1-88c3-3a23af5c5ad7,,"No, I am in a quiet environment right now","Headphones / earphones / earbuds","Headphones (over-ear)","Yes, my headphones are wired","Yes, I have stereo (two-eared) hearing",1,4,00:01:35.460000,"2026-08-10 19:10:46.788329",
142,78cd55e1-9b8a-424a-8fe6-19bcd747b171,3df24621-77c5-4da1-88c3-3a23af5c5ad7,,"No, I am in a quiet environment right now","Headphones / earphones / earbuds","Headphones (over-ear)","Yes, my headphones are wired","Yes, I have stereo (two-eared) hearing",1,4,00:01:56.292000,"2026-08-10 19:11:28.696826",
143,f5e96633-53ab-400b-9063-f8a8b195417b,3df24621-77c5-4da1-88c3-3a23af5c5ad7,,"No, I am in a quiet environment right now","Headphones / earphones / earbuds","Earphones (in-ear, with silicon seal)","No, my headphones are not wired","Yes, I have stereo (two-eared) hearing",1,4,00:01:44.676000,"2026-08-10 19:11:34.022237",
144,94e79b90-6648-46f0-96d0-32865a9a058f,3df24621-77c5-4da1-88c3-3a23af5c5ad7,,"No, I am in a quiet environment right now","Headphones / earphones / earbuds","Headphones (over-ear)","No, my headphones are not wired","Yes, I have stereo (two-eared) hearing",1,4,00:01:06.974000,"2026-08-10 19:11:42.569026",
145,340e73db-d0b1-4052-b273-573d93a73369,3df24621-77c5-4da1-88c3-3a23af5c5ad7,,"No, I am in a quiet environment right now","Laptop speakers","","","",0,0,00:01:22.922000,"2026-08-10 19:12:44.683039",
146,0f789b77-ba4d-449f-8280-2d172f406b16,3df24621-77c5-4da1-88c3-3a23af5c5ad7,,"No, I am in a quiet environment right now",Loudspeakers,"","","",0,1,00:01:00.587000,"2026-08-10 19:12:45.891055",
147,269ebc7c-9f24-42cd-a1b0-650fa9baecd6,3df24621-77c5-4da1-88c3-3a23af5c5ad7,,"No, I am in a quiet environment right now","Headphones / earphones / earbuds","Headphones (over-ear)","Yes, my headphones are wired","Yes, I have stereo (two-eared) hearing",1,4,00:01:40.447000,"2026-08-10 19:13:00.475662",
148,0b767bfb-7560-4308-a383-7e498a710622,3df24621-77c5-4da1-88c3-3a23af5c5ad7,,"No, I am in a quiet environment right now","Headphones / earphones / earbuds","Headphones (over-ear)","Yes, my headphones are wired","Yes, I have stereo (two-eared) hearing",1,4,00:01:49.149000,"2026-08-10 19:13:15.063223",
149,28f913e0-0440-4825-b142-91a39e91b7d9,3df24621-77c5-4da1-88c3-3a23af5c5ad7,,"No, I am in a quiet environment right now","Headphones / earphones / earbuds","Headphones (over-ear)","Yes, my headphones are wired","Yes, I have stereo (two-eared) hearing",1,4,00:03:19.903000,"2026-08-10 19:14:14.092552",
150,c9ea2373-a8aa-4fb2-8789-3ce5071e5e15,3df24621-77c5-4da1-88c3-3a23af5c5ad7,,"No, I am in a quiet environment right now","Headphones / earphones / earbuds","Headphones (over-ear)","Yes, my headphones are wired","No, I do not have stereo (two-eared) hearing",0,3,00:03:09.167000,"2026-08-10 19:14:48.802277",
151,cac14aff-b28f-47cb-9ea2-7c06927e7adc,3df24621-77c5-4da1-88c3-3a23af5c5ad7,,"No, I am in a quiet environment right now","Headphones / earphones / earbuds","Earphones (in-ear, with silicon seal)","Yes, my headphones are wired","Yes, I have stereo (two-eared) hearing",0,3,00:02:51.040000,"2026-08-10 19:15:16.610574",
152,a5ed32f0-c4cd-4cf6-809e-276d51cc0662,3df24621-77c5-4da1-88c3-3a23af5c5ad7,,"No, I am in a quiet environment right now","Headphones / earphones / earbuds","Earphones (in-ear, with silicon seal)","No, my headphones are not wired","Yes, I have stereo (two-eared) hearing",1,4,00:01:38.552000,"2026-08-10 19:15:20.837584",
153,7f909bfb-9945-409e-9b1d-337058a948e8,3df24621-77c5-4da1-88c3-3a23af5c5ad7,,"No, I am in a quiet environment right now","Headphones / earphones / earbuds","Earphones (in-ear, with silicon seal)","No, my headphones are not wired","Yes, I have stereo (two-eared) hearing",0,0,00:04:06.106000,"2026-08-10 19:16:08.893273",
154,fed8a370-47ad-44d4-9208-88a9fa5373bd,3df24621-77c5-4da1-88c3-3a23af5c5ad7,,"No, I am in a quiet environment right now","Headphones / earphones / earbuds","Headphones (over-ear)","Yes, my headphones are wired","Yes, I have stereo (two-eared) hearing",1,4,00:01:05.886000,"2026-08-10 19:16:22.619014",
155,cadf74e5-4a54-4b95-96ac-6e0f73e32d37,3df24621-77c5-4da1-88c3-3a23af5c5ad7,,"No, I am in a quiet environment right now","Headphones / earphones / earbuds","Earbuds (no silicon seal)","No, my headphones are not wired","Yes, I have stereo (two-eared) hearing",0,3,00:05:27.653000,"2026-08-10 19:17:28.653967",
156,805b24cc-868a-4237-9766-42b9cfac902a,3df24621-77c5-4da1-88c3-3a23af5c5ad7,,"No, I am in a quiet environment right now","Laptop speakers","","","",0,1,00:01:24.797000,"2026-08-10 19:17:37.586158",
157,d707d3fc-ab0c-4645-b182-f1b672430fe8,3df24621-77c5-4da1-88c3-3a23af5c5ad7,,"No, I am in a quiet environment right now","Headphones / earphones / earbuds","Headphones (over-ear)","No, my headphones are not wired","Yes, I have stereo (two-eared) hearing",1,4,00:01:30.397000,"2026-08-10 19:18:14.194523",
158,3fcf6637-0634-4401-852a-fda63e9a470a,3df24621-77c5-4da1-88c3-3a23af5c5ad7,,"No, I am in a quiet environment right now","Headphones / earphones / earbuds","Earphones (in-ear, with silicon seal)","Yes, my headphones are wired","Yes, I have stereo (two-eared) hearing",1,4,00:02:48.835000,"2026-08-10 19:18:33.230986",
159,f5cbdd42-a660-4fd5-92fb-e8033e28936e,3df24621-77c5-4da1-88c3-3a23af5c5ad7,,"No, I am in a quiet environment right now","Headphones / earphones / earbuds","Earphones (in-ear, with silicon seal)","No, my headphones are not wired","Yes, I have stereo (two-eared) hearing",0,2,00:01:22.442000,"2026-08-10 19:19:46.312398",
160,9dd27179-b94b-4937-b1f7-1c30ee2519d0,3df24621-77c5-4da1-88c3-3a23af5c5ad7,,"No, I am in a quiet environment right now","Headphones / earphones / earbuds","Earphones (in-ear, with silicon seal)","No, my headphones are not wired","Yes, I have stereo (two-eared) hearing",1,4,00:02:10.009000,"2026-08-10 19:19:52.982015",
161,7a0598af-431c-47bb-af0c-cfa1e1a9cbd9,3df24621-77c5-4da1-88c3-3a23af5c5ad7,,"No, I am in a quiet environment right now","Headphones / earphones / earbuds","Headphones (over-ear)","Yes, my headphones are wired","Yes, I have stereo (two-eared) hearing",1,4,00:01:55.674000,"2026-08-10 19:20:58.976784",
162,256178db-4ff9-475c-8180-4c55b4107a86,3df24621-77c5-4da1-88c3-3a23af5c5ad7,,"No, I am in a quiet environment right now",Loudspeakers,"","","",1,4,00:02:46.219000,"2026-08-10 19:24:05.438103",
163,d51979a6-5661-4c4f-a4f2-268d394040d2,3df24621-77c5-4da1-88c3-3a23af5c5ad7,,"No, I am in a quiet environment right now","Headphones / earphones / earbuds","Earbuds (no silicon seal)","No, my headphones are not wired","Yes, I have stereo (two-eared) hearing",1,4,00:01:56.134000,"2026-08-10 19:24:26.318849",
164,d447ed63-91a9-4410-88ce-a0e8e6a85301,47a3ed5c-d5fd-477b-9789-996228707315,,"No, I am in a quiet environment right now","Headphones / earphones / earbuds","Headphones (over-ear)","Yes, my headphones are wired","Yes, I have stereo (two-eared) hearing",1,4,00:00:40.561000,"2026-08-10 19:25:30.494630",
165,2eeaac71-6d44-46ba-9d97-d751cc851797,3df24621-77c5-4da1-88c3-3a23af5c5ad7,,"No, I am in a quiet environment right now","Headphones / earphones / earbuds","Headphones (over-ear)","No, my headphones are not wired","Yes, I have stereo (two-eared) hearing",0,1,00:01:15.711000,"2026-08-10 19:26:34.292892",
166,3083a824-ae73-426a-adbc-ff56868831d7,3df24621-77c5-4da1-88c3-3a23af5c5ad7,,"No, I am in a quiet environment right now","Headphones / earphones / earbuds","Earphones (in-ear, with silicon seal)","Yes, my headphones are wired","Yes, I have stereo (two-eared) hearing",1,4,00:01:46.625000,"2026-08-10 19:29:25.061835",
167,3083a824-ae73-426a-adbc-ff56868831d7,47a3ed5c-d5fd-477b-9789-996228707315,,"No, I am in a quiet environment right now","Headphones / earphones / earbuds","Earphones (in-ear, with silicon seal)","Yes, my headphones are wired","Yes, I have stereo (two-eared) hearing",1,4,00:01:10.250000,"2026-08-11 08:35:46.470208",
168,7a0598af-431c-47bb-af0c-cfa1e1a9cbd9,47a3ed5c-d5fd-477b-9789-996228707315,,"No, I am in a quiet environment right now","Headphones / earphones / earbuds","Headphones (over-ear)","Yes, my headphones are wired","Yes, I have stereo (two-eared) hearing",1,4,00:02:25.735000,"2026-08-11 08:39:56.067740",
169,77b6e777-90df-489d-a37f-01b7d5d58d03,3df24621-77c5-4da1-88c3-3a23af5c5ad7,,"No, I am in a quiet environment right now","Headphones / earphones / earbuds","Earphones (in-ear, with silicon seal)","No, my headphones are not wired","Yes, I have stereo (two-eared) hearing",1,4,00:00:46.774000,"2026-08-11 08:40:40.595339",
170,fe26bf56-c76a-46b8-b21f-e363360107d4,3df24621-77c5-4da1-88c3-3a23af5c5ad7,,"No, I am in a quiet environment right now","Headphones / earphones / earbuds","Headphones (over-ear)","Yes, my headphones are wired","Yes, I have stereo (two-eared) hearing",1,4,00:01:13.595000,"2026-08-11 08:40:52.756363",
171,ca2b4387-16ad-4409-8d9f-2b635f7fac33,3df24621-77c5-4da1-88c3-3a23af5c5ad7,,"No, I am in a quiet environment right now","Headphones / earphones / earbuds","Headphones (over-ear)","Yes, my headphones are wired","Yes, I have stereo (two-eared) hearing",1,4,00:01:45.631000,"2026-08-11 08:41:26.750559",
172,073f6768-be74-4de9-8344-0f4dc486dbb8,3df24621-77c5-4da1-88c3-3a23af5c5ad7,,"No, I am in a quiet environment right now","Headphones / earphones / earbuds","Headphones (over-ear)","Yes, my headphones are wired","Yes, I have stereo (two-eared) hearing",1,4,00:01:39.545000,"2026-08-11 08:41:39.924261",
173,8da0a8de-b837-4294-a614-ba7c0106ba76,3df24621-77c5-4da1-88c3-3a23af5c5ad7,,"No, I am in a quiet environment right now","Headphones / earphones / earbuds","Headphones (over-ear)","Yes, my headphones are wired","Yes, I have stereo (two-eared) hearing",1,4,00:01:26.436000,"2026-08-11 08:42:20.411319",
174,c2cbc175-c3fa-401e-aff0-5dda47e06231,3df24621-77c5-4da1-88c3-3a23af5c5ad7,,"No, I am in a quiet environment right now","Headphones / earphones / earbuds","Headphones (over-ear)","No, my headphones are not wired","Yes, I have stereo (two-eared) hearing",1,4,00:02:48.444000,"2026-08-11 08:43:35.366955",
175,92607b12-f798-4a90-ab46-42fdad700a37,3df24621-77c5-4da1-88c3-3a23af5c5ad7,,"No, I am in a quiet environment right now","Headphones / earphones / earbuds","Headphones (over-ear)","Yes, my headphones are wired","Yes, I have stereo (two-eared) hearing",1,4,00:01:39.737000,"2026-08-11 08:43:36.019667",
176,2cc9942f-2595-4093-bf6a-72f6e6d47043,3df24621-77c5-4da1-88c3-3a23af5c5ad7,,"No, I am in a quiet environment right now","Headphones / earphones / earbuds","Earphones (in-ear, with silicon seal)","No, my headphones are not wired","Yes, I have stereo (two-eared) hearing",1,4,00:03:38.569000,"2026-08-11 08:45:38.534947",
177,f9899d35-efea-4149-b9c9-1503dd883c06,47a3ed5c-d5fd-477b-9789-996228707315,,"No, I am in a quiet environment right now","Headphones / earphones / earbuds","Headphones (over-ear)","No, my headphones are not wired","Yes, I have stereo (two-eared) hearing",1,4,00:00:39.969000,"2026-08-11 08:56:55.979211",
178,a3d5db7a-b9fd-4e9b-921b-61c6d3680f38,3df24621-77c5-4da1-88c3-3a23af5c5ad7,,"No, I am in a quiet environment right now","Headphones / earphones / earbuds","Headphones (over-ear)","Yes, my headphones are wired","No, I do not have stereo (two-eared) hearing",0,2,00:01:30.078000,"2026-08-11 09:12:08.612527",
179,a16a092e-4f6d-4205-84d1-179d51ba833e,3df24621-77c5-4da1-88c3-3a23af5c5ad7,,"No, I am in a quiet environment right now","Headphones / earphones / earbuds","Earphones (in-ear, with silicon seal)","Yes, my headphones are wired","Yes, I have stereo (two-eared) hearing",1,4,00:00:52.295000,"2026-08-11 09:12:28.985116",
180,3fcf6637-0634-4401-852a-fda63e9a470a,47a3ed5c-d5fd-477b-9789-996228707315,,"No, I am in a quiet environment right now","Headphones / earphones / earbuds","Earphones (in-ear, with silicon seal)","Yes, my headphones are wired","Yes, I have stereo (two-eared) hearing",1,4,00:01:18.278000,"2026-08-11 09:16:57.667103",
181,d3c50426-28b3-4640-9324-77d94dab86ad,3df24621-77c5-4da1-88c3-3a23af5c5ad7,,"No, I am in a quiet environment right now","Headphones / earphones / earbuds","Headphones (over-ear)","Yes, my headphones are wired","Yes, I have stereo (two-eared) hearing",0,0,00:01:44.980000,"2026-08-11 09:17:02.386819",
182,e6a6e9d7-bf0c-418d-9903-b582d912ff6c,3df24621-77c5-4da1-88c3-3a23af5c5ad7,,"No, I am in a quiet environment right now","Headphones / earphones / earbuds","Earphones (in-ear, with silicon seal)","Yes, my headphones are wired","Yes, I have stereo (two-eared) hearing",1,4,00:01:05.195000,"2026-08-11 09:19:10.567367",
